year,rank,word,count
2020,1,architecture,1515
2020,2,design,1310
2020,3,climate,950
2020,4,change,717
2020,5,environmental,390
2020,6,urban,369
2020,7,architectural,335
2020,8,building,319
2020,9,environment,277
2020,10,city,260
2020,11,project,243
2020,12,energy,229
2020,13,infrastructure,220
2020,14,systems,210
2020,15,landscape,203
2020,16,material,203
2020,17,global,203
2020,18,public,194
2020,19,social,193
2020,20,history,192
2020,21,built,190
2020,22,community,185
2020,23,society,184
2020,24,sustainable,184
2020,25,issues,178
2020,26,sustainability,170
2020,27,planning,169
2020,28,world,164
2020,29,cities,164
2020,30,architects,160
2020,31,practice,158
2020,32,carbon,157
2020,33,projects,156
2020,34,american,156
2020,35,critical,155
2020,36,water,153
2020,37,future,149
2020,38,knowledge,132
2020,39,impact,129
2020,40,challenges,129
2020,41,technology,126
2020,42,human,125
2020,43,science,125
2020,44,urbanism,123
2020,45,cultural,123
2020,46,time,122
2020,47,level,121
2020,48,nature,121
2020,49,state,121
2020,50,including,119
2020,51,communities,119
2020,52,materials,118
2020,53,architect,117
2020,54,ecological,117
2020,55,art,115
2020,56,natural,110
2020,57,buildings,109
2020,58,housing,108
2020,59,national,107
2020,60,site,105
2020,61,construction,100
2020,62,resources,99
2020,63,local,98
2020,64,political,98
2020,65,scale,98
2020,66,arts,97
2020,67,international,96
2020,68,economic,95
2020,69,resilience,94
2020,70,york,93
2020,71,approach,89
2020,72,questions,88
2020,73,engineering,88
2020,74,current,87
2020,75,experience,85
2020,76,space,84
2020,77,region,84
2020,78,life,82
2020,79,spatial,81
2020,80,data,81
2020,81,foundation,79
2020,82,practices,78
2020,83,solutions,75
2020,84,policy,75
2020,85,environments,74
2020,86,texas,74
2020,87,sea,74
2020,88,build,73
2020,89,theory,72
2020,90,crisis,71
2020,91,digital,71
2020,92,power,70
2020,93,present,70
2020,94,justice,69
2020,95,rise,69
2020,96,infrastructural,68
2020,97,conditions,68
2020,98,land,66
2020,99,chair,66
2020,100,california,66
2021,1,design,1307
2021,2,architecture,1113
2021,3,climate,534
2021,4,building,407
2021,5,change,397
2021,6,environmental,337
2021,7,energy,329
2021,8,urban,306
2021,9,architectural,265
2021,10,environment,263
2021,11,social,257
2021,12,community,230
2021,13,sustainable,229
2021,14,project,200
2021,15,systems,181
2021,16,city,179
2021,17,built,172
2021,18,practice,169
2021,19,future,164
2021,20,sustainability,150
2021,21,issues,149
2021,22,projects,146
2021,23,carbon,137
2021,24,buildings,137
2021,25,materials,137
2021,26,material,133
2021,27,green,133
2021,28,architects,131
2021,29,health,129
2021,30,time,127
2021,31,planning,123
2021,32,site,122
2021,33,global,119
2021,34,technology,119
2021,35,performance,118
2021,36,human,117
2021,37,state,110
2021,38,american,108
2021,39,public,105
2021,40,society,105
2021,41,current,103
2021,42,science,103
2021,43,resources,102
2021,44,construction,101
2021,45,environments,99
2021,46,justice,99
2021,47,communities,96
2021,48,world,96
2021,49,cities,96
2021,50,housing,96
2021,51,art,96
2021,52,challenges,94
2021,53,landscape,94
2021,54,knowledge,92
2021,55,impact,91
2021,56,natural,91
2021,57,taught,88
2021,58,online,85
2021,59,life,85
2021,60,nature,85
2021,61,critical,84
2021,62,cultural,84
2021,63,water,84
2021,64,create,82
2021,65,infrastructure,82
2021,66,explore,80
2021,67,approach,79
2021,68,history,79
2021,69,experience,78
2021,70,ecological,77
2021,71,including,76
2021,72,economic,75
2021,73,october,73
2021,74,local,72
2021,75,level,71
2021,76,potential,71
2021,77,ia,71
2021,78,thermal,71
2021,79,data,70
2021,80,tlhahlha,70
2021,81,scale,69
2021,82,architect,69
2021,83,culture,69
2021,84,space,69
2021,85,engineering,68
2021,86,place,68
2021,87,coal,68
2021,88,national,67
2021,89,power,67
2021,90,people,67
2021,91,resilient,66
2021,92,practices,66
2021,93,present,66
2021,94,crisis,66
2021,95,policy,66
2021,96,equity,65
2021,97,solutions,63
2021,98,leed,62
2021,99,system,62
2021,100,tools,61
2022,1,architecture,657
2022,2,design,528
2022,3,climate,285
2022,4,urban,216
2022,5,environmental,192
2022,6,change,183
2022,7,building,170
2022,8,architectural,162
2022,9,city,159
2022,10,site,134
2022,11,social,133
2022,12,community,116
2022,13,projects,113
2022,14,environment,112
2022,15,systems,109
2022,16,project,107
2022,17,planning,106
2022,18,material,103
2022,19,energy,97
2022,20,future,95
2022,21,built,89
2022,22,construction,84
2022,23,water,82
2022,24,public,78
2022,25,practice,77
2022,26,issues,77
2022,27,justice,76
2022,28,world,76
2022,29,scale,74
2022,30,materials,72
2022,31,architect,71
2022,32,buildings,70
2022,33,human,68
2022,34,architects,66
2022,35,sustainable,66
2022,36,communities,66
2022,37,history,66
2022,38,sustainability,65
2022,39,society,64
2022,40,york,64
2022,41,nature,63
2022,42,critical,63
2022,43,carbon,62
2022,44,landscape,62
2022,45,american,61
2022,46,economic,60
2022,47,infrastructure,58
2022,48,time,58
2022,49,cities,58
2022,50,land,56
2022,51,natural,54
2022,52,dollar,54
2022,53,technology,53
2022,54,body,53
2022,55,local,52
2022,56,housing,52
2022,57,state,52
2022,58,space,51
2022,59,illinois,51
2022,60,data,50
2022,61,cultural,50
2022,62,models,50
2022,63,experience,49
2022,64,power,49
2022,65,engage,48
2022,66,impact,48
2022,67,system,48
2022,68,global,46
2022,69,including,46
2022,70,resources,46
2022,71,spatial,46
2022,72,form,43
2022,73,foundation,43
2022,74,sites,43
2022,75,general,43
2022,76,approach,42
2022,77,present,42
2022,78,ecological,41
2022,79,level,41
2022,80,ecology,40
2022,81,physical,40
2022,82,areas,40
2022,83,value,39
2022,84,scales,39
2022,85,art,38
2022,86,challenges,38
2022,87,collective,38
2022,88,create,37
2022,89,making,37
2022,90,green,37
2022,91,culture,37
2022,92,environments,36
2022,93,taught,36
2022,94,conditions,36
2022,95,contemporary,36
2022,96,questions,36
2022,97,spaces,36
2022,98,denver,36
2022,99,islands,36
2022,100,multiple,36
2023,1,design,719
2023,2,architecture,717
2023,3,climate,356
2023,4,environmental,231
2023,5,urban,219
2023,6,building,201
2023,7,change,194
2023,8,environment,142
2023,9,architectural,139
2023,10,social,137
2023,11,systems,136
2023,12,project,130
2023,13,energy,125
2023,14,community,118
2023,15,site,116
2023,16,future,111
2023,17,city,111
2023,18,material,109
2023,19,heat,109
2023,20,global,101
2023,21,public,101
2023,22,sustainable,99
2023,23,world,98
2023,24,planning,97
2023,25,american,95
2023,26,built,92
2023,27,projects,89
2023,28,society,88
2023,29,construction,87
2023,30,local,86
2023,31,materials,85
2023,32,communities,83
2023,33,history,83
2023,34,cultural,82
2023,35,land,80
2023,36,human,80
2023,37,state,80
2023,38,including,77
2023,39,architects,75
2023,40,spaces,75
2023,41,cities,75
2023,42,impact,72
2023,43,texas,72
2023,44,space,71
2023,45,sustainability,71
2023,46,data,70
2023,47,water,68
2023,48,culture,68
2023,49,architect,68
2023,50,infrastructure,67
2023,51,practice,64
2023,52,technology,63
2023,53,science,63
2023,54,critical,63
2023,55,justice,63
2023,56,ecological,61
2023,57,conditions,61
2023,58,present,60
2023,59,mapping,59
2023,60,buildings,58
2023,61,experience,58
2023,62,spatial,57
2023,63,health,56
2023,64,mexico,56
2023,65,practices,55
2023,66,performance,55
2023,67,people,55
2023,68,natural,55
2023,69,landscape,55
2023,70,time,52
2023,71,industry,51
2023,72,york,51
2023,73,national,51
2023,74,economic,51
2023,75,arts,50
2023,76,migration,48
2023,77,art,47
2023,78,crisis,47
2023,79,scale,46
2023,80,houston,46
2023,81,issues,45
2023,82,explore,45
2023,83,production,44
2023,84,travel,44
2023,85,international,44
2023,86,impacts,43
2023,87,carbon,43
2023,88,resources,43
2023,89,theory,43
2023,90,questions,43
2023,91,session,43
2023,92,knowledge,43
2023,93,life,42
2023,94,nature,42
2023,95,resilience,42
2023,96,tech,41
2023,97,unique,41
2023,98,making,41
2023,99,ecology,41
2023,100,structure,40
2024,1,architecture,795
2024,2,design,771
2024,3,climate,511
2024,4,change,246
2024,5,architectural,244
2024,6,urban,232
2024,7,environmental,218
2024,8,building,190
2024,9,project,178
2024,10,community,164
2024,11,future,160
2024,12,social,148
2024,13,systems,146
2024,14,landscape,144
2024,15,site,133
2024,16,sustainable,123
2024,17,energy,121
2024,18,space,117
2024,19,environment,116
2024,20,world,115
2024,21,material,114
2024,22,cultural,109
2024,23,justice,108
2024,24,construction,108
2024,25,human,99
2024,26,global,99
2024,27,city,99
2024,28,state,99
2024,29,society,98
2024,30,american,94
2024,31,ecological,92
2024,32,infrastructure,89
2024,33,history,88
2024,34,local,86
2024,35,projects,85
2024,36,challenges,84
2024,37,built,83
2024,38,experience,83
2024,39,housing,82
2024,40,public,81
2024,41,practice,79
2024,42,oil,79
2024,43,materials,78
2024,44,approach,76
2024,45,scale,74
2024,46,including,74
2024,47,critical,72
2024,48,food,72
2024,49,science,72
2024,50,architects,71
2024,51,knowledge,69
2024,52,time,68
2024,53,production,68
2024,54,water,66
2024,55,impact,66
2024,56,architect,66
2024,57,planning,66
2024,58,industry,66
2024,59,explore,63
2024,60,practices,62
2024,61,life,62
2024,62,futures,62
2024,63,texas,61
2024,64,land,59
2024,65,place,59
2024,66,west,59
2024,67,technology,58
2024,68,earth,57
2024,69,contemporary,56
2024,70,present,56
2024,71,wind,56
2024,72,model,55
2024,73,engage,54
2024,74,cities,54
2024,75,sustainability,54
2024,76,digital,53
2024,77,region,52
2024,78,buildings,52
2024,79,resources,52
2024,80,natural,51
2024,81,thinking,51
2024,82,economic,51
2024,83,speculative,51
2024,84,representation,51
2024,85,collective,50
2024,86,collaborative,50
2024,87,york,50
2024,88,area,50
2024,89,current,50
2024,90,potential,49
2024,91,spatial,49
2024,92,power,49
2024,93,issues,48
2024,94,communities,48
2024,95,resilience,48
2024,96,solarpunk,48
2024,97,art,47
2024,98,political,47
2024,99,system,47
2024,100,temple,47
2025,1,design,653
2025,2,architecture,515
2025,3,climate,401
2025,4,urban,273
2025,5,environmental,226
2025,6,change,183
2025,7,social,169
2025,8,community,169
2025,9,architectural,147
2025,10,project,126
2025,11,sustainable,122
2025,12,building,113
2025,13,sustainability,102
2025,14,energy,101
2025,15,justice,100
2025,16,material,99
2025,17,planning,98
2025,18,projects,98
2025,19,city,96
2025,20,future,94
2025,21,environment,93
2025,22,landscape,89
2025,23,global,87
2025,24,resilience,87
2025,25,challenges,81
2025,26,carbon,80
2025,27,practice,74
2025,28,systems,73
2025,29,communities,73
2025,30,critical,72
2025,31,materials,72
2025,32,society,68
2025,33,texas,68
2025,34,public,68
2025,35,cultural,66
2025,36,state,65
2025,37,site,65
2025,38,ecological,65
2025,39,approach,65
2025,40,built,64
2025,41,oil,64
2025,42,including,63
2025,43,life,62
2025,44,cities,61
2025,45,infrastructure,59
2025,46,experience,59
2025,47,tools,58
2025,48,architects,58
2025,49,impact,56
2025,50,economic,55
2025,51,topic,55
2025,52,construction,53
2025,53,technology,52
2025,54,housing,52
2025,55,space,51
2025,56,world,51
2025,57,thinking,51
2025,58,policy,51
2025,59,local,50
2025,60,industry,50
2025,61,industrial,49
2025,62,data,49
2025,63,production,48
2025,64,water,48
2025,65,resources,48
2025,66,human,47
2025,67,engagement,47
2025,68,solutions,47
2025,69,practices,46
2025,70,create,46
2025,71,innovative,46
2025,72,river,45
2025,73,collaboration,45
2025,74,history,44
2025,75,reality,44
2025,76,issues,44
2025,77,architect,44
2025,78,science,44
2025,79,international,44
2025,80,conditions,43
2025,81,impacts,43
2025,82,knowledge,43
2025,83,urbanism,43
2025,84,scale,42
2025,85,time,41
2025,86,spatial,41
2025,87,historical,41
2025,88,noha,41
2025,89,spaces,40
2025,90,health,40
2025,91,interior,39
2025,92,equity,39
2025,93,visual,38
2025,94,collaborative,38
2025,95,washington,38
2025,96,present,37
2025,97,buildings,37
2025,98,creative,37
2025,99,challenge,36
2025,100,current,36
2026,1,design,1527
2026,2,architecture,1139
2026,3,climate,814
2026,4,architectural,624
2026,5,environmental,542
2026,6,building,406
2026,7,material,405
2026,8,systems,348
2026,9,community,334
2026,10,urban,329
2026,11,change,286
2026,12,social,266
2026,13,project,252
2026,14,public,245
2026,15,practice,239
2026,16,site,198
2026,17,energy,192
2026,18,performance,188
2026,19,construction,183
2026,20,materials,180
2026,21,cultural,178
2026,22,ecological,169
2026,23,including,160
2026,24,infrastructure,160
2026,25,city,155
2026,26,spatial,154
2026,27,carbon,152
2026,28,projects,150
2026,29,critical,146
2026,30,sustainability,145
2026,31,built,145
2026,32,environment,143
2026,33,scale,139
2026,34,experience,136
2026,35,conditions,130
2026,36,framework,130
2026,37,technical,125
2026,38,landscape,118
2026,39,communities,115
2026,40,local,114
2026,41,resilience,114
2026,42,buildings,113
2026,43,justice,113
2026,44,tools,109
2026,45,sustainable,109
2026,46,housing,108
2026,47,global,106
2026,48,engagement,106
2026,49,adaptation,106
2026,50,knowledge,106
2026,51,data,105
2026,52,water,105
2026,53,technology,104
2026,54,practices,101
2026,55,planning,101
2026,56,model,100
2026,57,time,98
2026,58,engage,97
2026,59,equity,97
2026,60,human,96
2026,61,society,95
2026,62,health,95
2026,63,architects,95
2026,64,space,95
2026,65,build,95
2026,66,vernacular,95
2026,67,impact,94
2026,68,challenges,94
2026,69,responsive,93
2026,70,future,91
2026,71,heat,88
2026,72,science,88
2026,73,existing,88
2026,74,fabrication,88
2026,75,theory,88
2026,76,international,87
2026,77,coastal,85
2026,78,form,84
2026,79,thermal,83
2026,80,texas,83
2026,81,architect,81
2026,82,cities,81
2026,83,reuse,80
2026,84,thinking,79
2026,85,regional,79
2026,86,mapping,79
2026,87,making,78
2026,88,futures,78
2026,89,collaboration,77
2026,90,structure,77
2026,91,level,76
2026,92,national,76
2026,93,inquiry,75
2026,94,taught,75
2026,95,digital,74
2026,96,life,73
2026,97,system,73
2026,98,world,72
2026,99,state,72
2026,100,resources,71
