target,year,rank,neighbour,cosine_sim
climate,2020,1,change,0.9501
climate,2020,2,justice,0.4993
climate,2020,3,face,0.4503
climate,2020,4,crisis,0.4289
climate,2020,5,adaptation,0.4162
climate,2020,6,changing,0.4147
climate,2020,7,write,0.4116
climate,2020,8,problem,0.4037
climate,2020,9,scenarios,0.402
climate,2020,10,architecture,0.4019
climate,2020,11,societal,0.3992
climate,2020,12,social,0.3912
climate,2021,1,change,0.9257
climate,2021,2,mitigation,0.5136
climate,2021,3,justice,0.5
climate,2021,4,adaptation,0.4838
climate,2021,5,challenges,0.4472
climate,2021,6,impacts,0.447
climate,2021,7,crisis,0.4352
climate,2021,8,addressing,0.4344
climate,2021,9,effects,0.4286
climate,2021,10,society,0.4214
climate,2021,11,built,0.4122
climate,2021,12,weather,0.4036
climate,2022,1,change,0.9001
climate,2022,2,society,0.4936
climate,2022,3,justice,0.473
climate,2022,4,weather,0.4448
climate,2022,5,crisis,0.4088
climate,2022,6,migration,0.3851
climate,2022,7,effects,0.3816
climate,2022,8,intersection,0.3801
climate,2022,9,designers,0.3672
climate,2022,10,temple,0.3651
climate,2022,11,mitigation,0.3622
climate,2022,12,global,0.3608
climate,2023,1,change,0.9225
climate,2023,2,society,0.4211
climate,2023,3,crisis,0.4155
climate,2023,4,migration,0.3984
climate,2023,5,policies,0.3876
climate,2023,6,mitigation,0.3751
climate,2023,7,emissions,0.3728
climate,2023,8,central,0.3696
climate,2023,9,great,0.3691
climate,2023,10,risk,0.363
climate,2023,11,critically,0.3595
climate,2023,12,explore,0.358
climate,2024,1,change,0.8624
climate,2024,2,crisis,0.5655
climate,2024,3,justice,0.5321
climate,2024,4,society,0.4723
climate,2024,5,effects,0.3965
climate,2024,6,action,0.396
climate,2024,7,responsive,0.3882
climate,2024,8,session,0.3783
climate,2024,9,mitigation,0.3769
climate,2024,10,adaptation,0.3689
climate,2024,11,impacts,0.3689
climate,2024,12,food,0.3629
climate,2025,1,change,0.8347
climate,2025,2,justice,0.5255
climate,2025,3,crisis,0.5094
climate,2025,4,society,0.4281
climate,2025,5,extreme,0.4136
climate,2025,6,design,0.3921
climate,2025,7,mitigation,0.3762
climate,2025,8,write,0.3717
climate,2025,9,hoyne,0.3661
climate,2025,10,carbon,0.3638
climate,2025,11,larger,0.3618
climate,2025,12,sea,0.3615
climate,2026,1,change,0.8304
climate,2026,2,environmental,0.565
climate,2026,3,adaptation,0.5383
climate,2026,4,mitigation,0.5372
climate,2026,5,responsive,0.5356
climate,2026,6,society,0.5016
climate,2026,7,architecture,0.4966
climate,2026,8,architectural,0.4658
climate,2026,9,societal,0.4546
climate,2026,10,crisis,0.4456
climate,2026,11,equity,0.4437
climate,2026,12,design,0.4402
change,2020,1,climate,0.9501
change,2020,2,justice,0.463
change,2020,3,face,0.4466
change,2020,4,society,0.4384
change,2020,5,social,0.4281
change,2020,6,architecture,0.4223
change,2020,7,societal,0.4207
change,2020,8,write,0.4176
change,2020,9,problem,0.4038
change,2020,10,questions,0.3985
change,2020,11,crisis,0.3925
change,2020,12,adaptation,0.3886
change,2021,1,climate,0.9257
change,2021,2,mitigation,0.4836
change,2021,3,society,0.4541
change,2021,4,challenges,0.4472
change,2021,5,adaptation,0.4436
change,2021,6,addressing,0.4144
change,2021,7,effects,0.4051
change,2021,8,issues,0.3842
change,2021,9,impacts,0.3752
change,2021,10,architecture,0.3749
change,2021,11,built,0.3586
change,2021,12,justice,0.3586
change,2022,1,climate,0.9001
change,2022,2,society,0.4543
change,2022,3,migration,0.4163
change,2022,4,weather,0.3926
change,2022,5,justice,0.3809
change,2022,6,hoyne,0.3656
change,2022,7,effects,0.3624
change,2022,8,temple,0.3559
change,2022,9,global,0.3536
change,2022,10,responsibility,0.3531
change,2022,11,intersection,0.3385
change,2022,12,write,0.3325
change,2023,1,climate,0.9225
change,2023,2,society,0.4776
change,2023,3,migration,0.3892
change,2023,4,great,0.3757
change,2023,5,policies,0.375
change,2023,6,territory,0.3486
change,2023,7,architecture,0.3365
change,2023,8,action,0.3349
change,2023,9,emissions,0.3295
change,2023,10,institutional,0.3291
change,2023,11,critically,0.3264
change,2023,12,crisis,0.3242
change,2024,1,climate,0.8624
change,2024,2,society,0.5249
change,2024,3,crisis,0.443
change,2024,4,justice,0.3778
change,2024,5,issues,0.3745
change,2024,6,impacts,0.3638
change,2024,7,mitigation,0.3533
change,2024,8,addressing,0.3443
change,2024,9,food,0.3433
change,2024,10,broader,0.3393
change,2024,11,effects,0.3372
change,2024,12,help,0.3288
change,2025,1,climate,0.8347
change,2025,2,society,0.4352
change,2025,3,justice,0.4207
change,2025,4,awarded,0.3554
change,2025,5,extreme,0.3537
change,2025,6,social,0.3455
change,2025,7,political,0.3336
change,2025,8,ecology,0.3267
change,2025,9,crisis,0.319
change,2025,10,think,0.3189
change,2025,11,discourse,0.3187
change,2025,12,initiative,0.3137
change,2026,1,climate,0.8304
change,2026,2,society,0.5483
change,2026,3,architecture,0.4765
change,2026,4,environmental,0.4715
change,2026,5,adaptation,0.4468
change,2026,6,prof,0.4256
change,2026,7,problem,0.4205
change,2026,8,mitigation,0.414
change,2026,9,aims,0.4003
change,2026,10,justice,0.3963
change,2026,11,architectural,0.392
change,2026,12,topic,0.3911
environmental,2020,1,social,0.5139
environmental,2020,2,architecture,0.4355
environmental,2020,3,justice,0.4211
environmental,2020,4,integrating,0.4118
environmental,2020,5,architectural,0.4012
environmental,2020,6,political,0.3957
environmental,2020,7,comfort,0.3923
environmental,2020,8,agency,0.3845
environmental,2020,9,design,0.3844
environmental,2020,10,change,0.3799
environmental,2020,11,visiting,0.3746
environmental,2020,12,socio,0.3744
environmental,2021,1,design,0.4918
environmental,2021,2,socio,0.3867
environmental,2021,3,question,0.3859
environmental,2021,4,body,0.3845
environmental,2021,5,home,0.3811
environmental,2021,6,ethics,0.3732
environmental,2021,7,human,0.3724
environmental,2021,8,justice,0.3686
environmental,2021,9,living,0.3662
environmental,2021,10,architecture,0.3627
environmental,2021,11,sustainability,0.3621
environmental,2021,12,general,0.3617
environmental,2022,1,social,0.4728
environmental,2022,2,sustainability,0.4342
environmental,2022,3,economic,0.3674
environmental,2022,4,justice,0.3652
environmental,2022,5,principles,0.3627
environmental,2022,6,extreme,0.3479
environmental,2022,7,building,0.3432
environmental,2022,8,advance,0.3307
environmental,2022,9,assessment,0.3292
environmental,2022,10,passive,0.3237
environmental,2022,11,larger,0.3223
environmental,2022,12,tool,0.321
environmental,2023,1,justice,0.4831
environmental,2023,2,leadership,0.4157
environmental,2023,3,particular,0.3903
environmental,2023,4,technical,0.3647
environmental,2023,5,advanced,0.3546
environmental,2023,6,wide,0.3509
environmental,2023,7,passive,0.3383
environmental,2023,8,integrating,0.3294
environmental,2023,9,responsive,0.3263
environmental,2023,10,sciences,0.3248
environmental,2023,11,social,0.3228
environmental,2023,12,modeling,0.3213
environmental,2024,1,social,0.4613
environmental,2024,2,significant,0.3785
environmental,2024,3,representation,0.377
environmental,2024,4,ecological,0.3754
environmental,2024,5,efforts,0.36
environmental,2024,6,state,0.3463
environmental,2024,7,political,0.3409
environmental,2024,8,systems,0.3169
environmental,2024,9,economic,0.3158
environmental,2024,10,great,0.3122
environmental,2024,11,places,0.3111
environmental,2024,12,humanities,0.3075
environmental,2025,1,ecological,0.4573
environmental,2025,2,justice,0.4476
environmental,2025,3,sustainable,0.408
environmental,2025,4,social,0.3628
environmental,2025,5,architecture,0.3601
environmental,2025,6,design,0.3432
environmental,2025,7,equity,0.3306
environmental,2025,8,technological,0.3276
environmental,2025,9,california,0.318
environmental,2025,10,opportunities,0.3102
environmental,2025,11,urban,0.3048
environmental,2025,12,works,0.3008
environmental,2026,1,climate,0.565
environmental,2026,2,architectural,0.5544
environmental,2026,3,social,0.5284
environmental,2026,4,contexts,0.5088
environmental,2026,5,economic,0.4884
environmental,2026,6,impact,0.4869
environmental,2026,7,design,0.4851
environmental,2026,8,change,0.4715
environmental,2026,9,material,0.4614
environmental,2026,10,justice,0.4601
environmental,2026,11,architecture,0.4568
environmental,2026,12,equity,0.4376
systems,2020,1,infrastructure,0.4562
systems,2020,2,comprehensive,0.3719
systems,2020,3,passive,0.3606
systems,2020,4,components,0.3583
systems,2020,5,infrastructural,0.354
systems,2020,6,technical,0.3506
systems,2020,7,focused,0.3411
systems,2020,8,regional,0.3407
systems,2020,9,comfort,0.3393
systems,2020,10,approach,0.3368
systems,2020,11,air,0.3348
systems,2020,12,timber,0.3293
systems,2021,1,reuse,0.4661
systems,2021,2,integration,0.4145
systems,2021,3,design,0.4037
systems,2021,4,networks,0.375
systems,2021,5,regenerative,0.3539
systems,2021,6,ecological,0.3517
systems,2021,7,emerging,0.3499
systems,2021,8,technologies,0.3439
systems,2021,9,system,0.3387
systems,2021,10,vernacular,0.3376
systems,2021,11,performance,0.3359
systems,2021,12,energy,0.3334
systems,2022,1,frameworks,0.3391
systems,2022,2,anthropocene,0.3296
systems,2022,3,passive,0.3147
systems,2022,4,performance,0.3145
systems,2022,5,networks,0.3104
systems,2022,6,teams,0.3083
systems,2022,7,contexts,0.3081
systems,2022,8,engaging,0.2987
systems,2022,9,fossil,0.2976
systems,2022,10,environmental,0.2964
systems,2022,11,cycle,0.2953
systems,2022,12,house,0.2947
systems,2023,1,integration,0.3885
systems,2023,2,components,0.3856
systems,2023,3,florida,0.364
systems,2023,4,content,0.3353
systems,2023,5,concepts,0.3335
systems,2023,6,structural,0.3329
systems,2023,7,system,0.3277
systems,2023,8,food,0.3217
systems,2023,9,fossil,0.3201
systems,2023,10,ethical,0.3196
systems,2023,11,partners,0.313
systems,2023,12,north,0.312
systems,2024,1,components,0.4032
systems,2024,2,radical,0.3895
systems,2024,3,thinking,0.3815
systems,2024,4,embodied,0.3673
systems,2024,5,infrastructural,0.3535
systems,2024,6,design,0.3381
systems,2024,7,primary,0.3294
systems,2024,8,structural,0.3268
systems,2024,9,environmental,0.3169
systems,2024,10,region,0.315
systems,2024,11,performance,0.3081
systems,2024,12,architecture,0.3074
systems,2025,1,infrastructural,0.3761
systems,2025,2,investigate,0.3676
systems,2025,3,complex,0.3516
systems,2025,4,ecological,0.346
systems,2025,5,simulation,0.3351
systems,2025,6,planet,0.3249
systems,2025,7,structural,0.3242
systems,2025,8,industrial,0.3116
systems,2025,9,components,0.2996
systems,2025,10,species,0.2955
systems,2025,11,activities,0.287
systems,2025,12,become,0.2849
systems,2026,1,integrating,0.4697
systems,2026,2,form,0.4524
systems,2026,3,energy,0.4428
systems,2026,4,active,0.4267
systems,2026,5,equitable,0.4252
systems,2026,6,climate,0.4224
systems,2026,7,social,0.418
systems,2026,8,responsive,0.4178
systems,2026,9,adaptation,0.4146
systems,2026,10,adaptive,0.4138
systems,2026,11,environmental,0.4128
systems,2026,12,food,0.41
energy,2020,1,embodied,0.4649
energy,2020,2,performance,0.4323
energy,2020,3,zero,0.4126
energy,2020,4,consumption,0.3973
energy,2020,5,emissions,0.3956
energy,2020,6,resource,0.387
energy,2020,7,extraction,0.3782
energy,2020,8,green,0.3739
energy,2020,9,carbon,0.362
energy,2020,10,waste,0.3577
energy,2020,11,building,0.3569
energy,2020,12,solar,0.3494
energy,2021,1,consumption,0.553
energy,2021,2,carbon,0.5371
energy,2021,3,embodied,0.528
energy,2021,4,building,0.5247
energy,2021,5,zero,0.5035
energy,2021,6,design,0.4742
energy,2021,7,growth,0.4252
energy,2021,8,resources,0.408
energy,2021,9,emissions,0.4052
energy,2021,10,assessment,0.3977
energy,2021,11,fossil,0.3934
energy,2021,12,simulation,0.3838
energy,2022,1,solar,0.5168
energy,2022,2,zero,0.4809
energy,2022,3,thermal,0.3803
energy,2022,4,labor,0.3589
energy,2022,5,simulation,0.3548
energy,2022,6,fossil,0.3479
energy,2022,7,shape,0.3361
energy,2022,8,served,0.3348
energy,2022,9,reuse,0.3338
energy,2022,10,performance,0.3336
energy,2022,11,adaptive,0.3331
energy,2022,12,tool,0.3252
energy,2023,1,solar,0.3706
energy,2023,2,oil,0.3315
energy,2023,3,responsive,0.3221
energy,2023,4,networks,0.3211
energy,2023,5,systems,0.3118
energy,2023,6,knowledge,0.3104
energy,2023,7,tool,0.3033
energy,2023,8,zero,0.3025
energy,2023,9,organized,0.2985
energy,2023,10,oklahoma,0.297
energy,2023,11,waste,0.2954
energy,2023,12,comfort,0.2953
energy,2024,1,embodied,0.4499
energy,2024,2,island,0.3923
energy,2024,3,carbon,0.3757
energy,2024,4,resource,0.3634
energy,2024,5,extraction,0.3527
energy,2024,6,engineering,0.3504
energy,2024,7,solar,0.3471
energy,2024,8,preservation,0.3445
energy,2024,9,risk,0.3367
energy,2024,10,alternative,0.3232
energy,2024,11,landscapes,0.3197
energy,2024,12,passive,0.3174
energy,2025,1,consumption,0.5975
energy,2025,2,solar,0.3888
energy,2025,3,embodied,0.3803
energy,2025,4,growth,0.376
energy,2025,5,green,0.347
energy,2025,6,mass,0.3444
energy,2025,7,crisis,0.3366
energy,2025,8,sustainable,0.3331
energy,2025,9,heat,0.3083
energy,2025,10,testing,0.3048
energy,2025,11,designing,0.3021
energy,2025,12,networks,0.2938
energy,2026,1,consumption,0.49
energy,2026,2,building,0.485
energy,2026,3,solar,0.4689
energy,2026,4,carbon,0.4495
energy,2026,5,systems,0.4428
energy,2026,6,climate,0.4084
energy,2026,7,emissions,0.3973
energy,2026,8,scenarios,0.3955
energy,2026,9,environmental,0.3937
energy,2026,10,impacts,0.379
energy,2026,11,heat,0.3606
energy,2026,12,cycle,0.3597
material,2020,1,reuse,0.4414
material,2020,2,consumption,0.4015
material,2020,3,fabrication,0.3831
material,2020,4,virtual,0.3733
material,2020,5,investigate,0.3689
material,2020,6,futures,0.3638
material,2020,7,production,0.3612
material,2020,8,introduction,0.3521
material,2020,9,ecologies,0.3519
material,2020,10,physical,0.351
material,2020,11,embodied,0.3501
material,2020,12,materials,0.3472
material,2021,1,integrating,0.385
material,2021,2,reuse,0.3535
material,2021,3,performance,0.3432
material,2021,4,examine,0.3357
material,2021,5,representation,0.3328
material,2021,6,techniques,0.3319
material,2021,7,construction,0.312
material,2021,8,selection,0.3067
material,2021,9,technologies,0.3049
material,2021,10,agency,0.2993
material,2021,11,histories,0.2981
material,2021,12,making,0.2979
material,2022,1,extraction,0.426
material,2022,2,design,0.359
material,2022,3,materials,0.3569
material,2022,4,anthropocene,0.3504
material,2022,5,building,0.3458
material,2022,6,texas,0.3434
material,2022,7,cycle,0.3135
material,2022,8,representation,0.3126
material,2022,9,climatic,0.3048
material,2022,10,contribute,0.3013
material,2022,11,environmental,0.2972
material,2022,12,explores,0.2937
material,2023,1,culture,0.4741
material,2023,2,labor,0.4659
material,2023,3,ecology,0.4435
material,2023,4,performance,0.3834
material,2023,5,materials,0.3652
material,2023,6,lens,0.3608
material,2023,7,fabrication,0.3584
material,2023,8,land,0.3484
material,2023,9,waste,0.3465
material,2023,10,impacts,0.3452
material,2023,11,reuse,0.3209
material,2023,12,digital,0.3207
material,2024,1,construction,0.5597
material,2024,2,labor,0.4207
material,2024,3,fabrication,0.4021
material,2024,4,concept,0.3952
material,2024,5,performance,0.3833
material,2024,6,impacts,0.3634
material,2024,7,waste,0.3381
material,2024,8,virginia,0.329
material,2024,9,embodied,0.3201
material,2024,10,large,0.3183
material,2024,11,timber,0.3139
material,2024,12,application,0.3131
material,2025,1,waste,0.3799
material,2025,2,testing,0.3709
material,2025,3,library,0.3524
material,2025,4,alternative,0.3354
material,2025,5,thermal,0.314
material,2025,6,fabrication,0.3137
material,2025,7,materials,0.3022
material,2025,8,ground,0.2938
material,2025,9,cycle,0.2915
material,2025,10,engaged,0.2907
material,2025,11,speculative,0.2883
material,2025,12,colonial,0.2819
material,2026,1,waste,0.4751
material,2026,2,environmental,0.4614
material,2026,3,labor,0.4491
material,2026,4,ecologies,0.4374
material,2026,5,fabrication,0.415
material,2026,6,construction,0.4138
material,2026,7,architectural,0.4053
material,2026,8,reuse,0.3986
material,2026,9,agency,0.3874
material,2026,10,extraction,0.3749
material,2026,11,systems,0.3698
material,2026,12,exploring,0.3663
sustainable,2020,1,thinking,0.4057
sustainable,2020,2,perspective,0.3928
sustainable,2020,3,design,0.3824
sustainable,2020,4,goals,0.3732
sustainable,2020,5,green,0.3728
sustainable,2020,6,practices,0.3657
sustainable,2020,7,works,0.3645
sustainable,2020,8,technical,0.3549
sustainable,2020,9,leed,0.3522
sustainable,2020,10,frameworks,0.3494
sustainable,2020,11,principles,0.347
sustainable,2020,12,framework,0.3461
sustainable,2021,1,design,0.6242
sustainable,2021,2,architecture,0.4655
sustainable,2021,3,regenerative,0.4554
sustainable,2021,4,resilient,0.4431
sustainable,2021,5,passive,0.4345
sustainable,2021,6,leed,0.4327
sustainable,2021,7,green,0.4121
sustainable,2021,8,urban,0.4053
sustainable,2021,9,principles,0.3915
sustainable,2021,10,built,0.3897
sustainable,2021,11,responsive,0.3683
sustainable,2021,12,buildings,0.3637
sustainable,2022,1,solutions,0.4407
sustainable,2022,2,ethics,0.4029
sustainable,2022,3,modern,0.3849
sustainable,2022,4,bio,0.3613
sustainable,2022,5,construction,0.3534
sustainable,2022,6,partners,0.3525
sustainable,2022,7,goals,0.3476
sustainable,2022,8,provides,0.3379
sustainable,2022,9,feedback,0.3346
sustainable,2022,10,best,0.3346
sustainable,2022,11,advance,0.3295
sustainable,2022,12,equitable,0.3283
sustainable,2023,1,design,0.3929
sustainable,2023,2,responsive,0.3655
sustainable,2023,3,construction,0.3502
sustainable,2023,4,techniques,0.3245
sustainable,2023,5,principles,0.3176
sustainable,2023,6,societal,0.3087
sustainable,2023,7,leed,0.3072
sustainable,2023,8,engage,0.3065
sustainable,2023,9,discipline,0.3038
sustainable,2023,10,regenerative,0.2977
sustainable,2023,11,building,0.2885
sustainable,2023,12,response,0.2863
sustainable,2024,1,equitable,0.4378
sustainable,2024,2,design,0.3994
sustainable,2024,3,timber,0.3705
sustainable,2024,4,territory,0.3531
sustainable,2024,5,resilient,0.3466
sustainable,2024,6,principles,0.3449
sustainable,2024,7,necessary,0.343
sustainable,2024,8,solutions,0.3322
sustainable,2024,9,activities,0.3299
sustainable,2024,10,scenarios,0.3234
sustainable,2024,11,excellence,0.322
sustainable,2024,12,futures,0.3195
sustainable,2025,1,component,0.4815
sustainable,2025,2,environmental,0.408
sustainable,2025,3,principles,0.3975
sustainable,2025,4,goals,0.3922
sustainable,2025,5,industry,0.3813
sustainable,2025,6,challenges,0.3735
sustainable,2025,7,project,0.3544
sustainable,2025,8,design,0.3543
sustainable,2025,9,solar,0.3487
sustainable,2025,10,body,0.3469
sustainable,2025,11,lead,0.3348
sustainable,2025,12,initiative,0.3346
sustainable,2026,1,creating,0.4308
sustainable,2026,2,practices,0.4024
sustainable,2026,3,goals,0.4016
sustainable,2026,4,leed,0.3995
sustainable,2026,5,design,0.3956
sustainable,2026,6,architecture,0.3862
sustainable,2026,7,sustainability,0.3647
sustainable,2026,8,science,0.3616
sustainable,2026,9,efforts,0.3502
sustainable,2026,10,equitable,0.3488
sustainable,2026,11,required,0.3436
sustainable,2026,12,principal,0.3372
future,2020,1,emerging,0.3783
future,2020,2,area,0.3772
future,2020,3,help,0.3636
future,2020,4,presentation,0.3431
future,2020,5,present,0.3334
future,2020,6,model,0.3287
future,2020,7,better,0.3286
future,2020,8,next,0.3208
future,2020,9,selection,0.3199
future,2020,10,framework,0.3176
future,2020,11,culture,0.3146
future,2020,12,experience,0.3141
future,2021,1,vision,0.4576
future,2021,2,past,0.4321
future,2021,3,places,0.4059
future,2021,4,think,0.3814
future,2021,5,urbanism,0.3653
future,2021,6,speculative,0.3635
future,2021,7,present,0.3544
future,2021,8,ecological,0.3366
future,2021,9,people,0.3359
future,2021,10,selection,0.3346
future,2021,11,planning,0.3342
future,2021,12,better,0.3294
future,2022,1,better,0.3467
future,2022,2,narrative,0.3236
future,2022,3,aims,0.3141
future,2022,4,past,0.3099
future,2022,5,responsibility,0.3085
future,2022,6,designing,0.3071
future,2022,7,larger,0.3062
future,2022,8,planet,0.2958
future,2022,9,architects,0.2956
future,2022,10,vision,0.2941
future,2022,11,structural,0.2925
future,2022,12,impact,0.2877
future,2023,1,vision,0.3559
future,2023,2,regenerative,0.3312
future,2023,3,equitable,0.3128
future,2023,4,discipline,0.311
future,2023,5,world,0.3031
future,2023,6,oil,0.3016
future,2023,7,able,0.2991
future,2023,8,test,0.2875
future,2023,9,interior,0.2825
future,2023,10,creating,0.2802
future,2023,11,sustainable,0.276
future,2023,12,knowledge,0.2735
future,2024,1,offer,0.396
future,2024,2,think,0.3865
future,2024,3,inform,0.3366
future,2024,4,communities,0.3265
future,2024,5,societal,0.3235
future,2024,6,creating,0.3226
future,2024,7,prof,0.3132
future,2024,8,management,0.3093
future,2024,9,planet,0.2953
future,2024,10,ability,0.2949
future,2024,11,exhibition,0.2929
future,2024,12,decisions,0.2919
future,2025,1,materials,0.3758
future,2025,2,objectives,0.3571
future,2025,3,scenarios,0.3385
future,2025,4,question,0.3382
future,2025,5,able,0.3121
future,2025,6,critically,0.3083
future,2025,7,ecological,0.2889
future,2025,8,anthropocene,0.2846
future,2025,9,help,0.2846
future,2025,10,great,0.2828
future,2025,11,integrating,0.271
future,2025,12,zero,0.2703
future,2026,1,scenarios,0.4047
future,2026,2,ideas,0.3085
future,2026,3,broader,0.3068
future,2026,4,objectives,0.2969
future,2026,5,weather,0.2959
future,2026,6,potential,0.2944
future,2026,7,discipline,0.2944
future,2026,8,feedback,0.2929
future,2026,9,technological,0.2913
future,2026,10,economic,0.2876
future,2026,11,able,0.2852
future,2026,12,profession,0.285
global,2020,1,institutional,0.3695
global,2020,2,migration,0.3688
global,2020,3,next,0.3687
global,2020,4,lens,0.368
global,2020,5,industrial,0.3571
global,2020,6,reuse,0.3432
global,2020,7,environment,0.3411
global,2020,8,urbanism,0.3332
global,2020,9,cultural,0.3256
global,2020,10,crisis,0.3238
global,2020,11,thinking,0.3173
global,2020,12,issues,0.3153
global,2021,1,challenges,0.4029
global,2021,2,necessary,0.3738
global,2021,3,emissions,0.3507
global,2021,4,activities,0.3424
global,2021,5,anthropocene,0.3416
global,2021,6,consider,0.3339
global,2021,7,travel,0.3188
global,2021,8,buildings,0.3136
global,2021,9,extraction,0.3124
global,2021,10,equitable,0.3068
global,2021,11,regional,0.3037
global,2021,12,gulf,0.3027
global,2022,1,emissions,0.4011
global,2022,2,broader,0.3941
global,2022,3,anthropocene,0.3867
global,2022,4,introduction,0.385
global,2022,5,crisis,0.375
global,2022,6,focused,0.3682
global,2022,7,climate,0.3608
global,2022,8,concerns,0.3604
global,2022,9,migration,0.3587
global,2022,10,regional,0.3587
global,2022,11,prof,0.3538
global,2022,12,change,0.3536
global,2023,1,crisis,0.3808
global,2023,2,societal,0.361
global,2023,3,initiative,0.3409
global,2023,4,inquiry,0.3209
global,2023,5,south,0.3069
global,2023,6,forms,0.2987
global,2023,7,challenges,0.2977
global,2023,8,futures,0.2946
global,2023,9,addressing,0.286
global,2023,10,ethical,0.2829
global,2023,11,scale,0.2811
global,2023,12,emissions,0.276
global,2024,1,south,0.4705
global,2024,2,resource,0.4098
global,2024,3,north,0.3363
global,2024,4,infrastructural,0.322
global,2024,5,introduction,0.3141
global,2024,6,examine,0.3035
global,2024,7,national,0.301
global,2024,8,sustainable,0.2983
global,2024,9,whose,0.2983
global,2024,10,drawing,0.2961
global,2024,11,architecture,0.2937
global,2024,12,planet,0.2886
global,2025,1,challenges,0.4067
global,2025,2,engagement,0.3581
global,2025,3,infrastructure,0.3427
global,2025,4,shared,0.3294
global,2025,5,component,0.3107
global,2025,6,contexts,0.3101
global,2025,7,sustainability,0.3099
global,2025,8,investigate,0.3095
global,2025,9,site,0.3088
global,2025,10,offer,0.3007
global,2025,11,strong,0.2925
global,2025,12,excellence,0.2868
global,2026,1,particularly,0.3206
global,2026,2,vernacular,0.3198
global,2026,3,contexts,0.3047
global,2026,4,south,0.3043
global,2026,5,problem,0.3033
global,2026,6,ethical,0.3008
global,2026,7,regional,0.2986
global,2026,8,international,0.2897
global,2026,9,contemporary,0.2806
global,2026,10,gulf,0.2802
global,2026,11,climate,0.2801
global,2026,12,perspective,0.2764
infrastructure,2020,1,infrastructural,0.4576
infrastructure,2020,2,systems,0.4562
infrastructure,2020,3,scenarios,0.3607
infrastructure,2020,4,solutions,0.3442
infrastructure,2020,5,system,0.3407
infrastructure,2020,6,energy,0.3378
infrastructure,2020,7,patterns,0.3369
infrastructure,2020,8,timber,0.3363
infrastructure,2020,9,power,0.3305
infrastructure,2020,10,creating,0.3302
infrastructure,2020,11,online,0.3264
infrastructure,2020,12,city,0.3208
infrastructure,2021,1,hoyne,0.3769
infrastructure,2021,2,park,0.3758
infrastructure,2021,3,power,0.3509
infrastructure,2021,4,america,0.3489
infrastructure,2021,5,chair,0.3473
infrastructure,2021,6,temple,0.3305
infrastructure,2021,7,exploring,0.3274
infrastructure,2021,8,impacts,0.3271
infrastructure,2021,9,city,0.3243
infrastructure,2021,10,york,0.3227
infrastructure,2021,11,political,0.3207
infrastructure,2021,12,water,0.3183
infrastructure,2022,1,urban,0.4005
infrastructure,2022,2,intersection,0.3362
infrastructure,2022,3,mass,0.3304
infrastructure,2022,4,america,0.3229
infrastructure,2022,5,adaptive,0.3215
infrastructure,2022,6,virginia,0.3198
infrastructure,2022,7,fabrication,0.3131
infrastructure,2022,8,policies,0.3079
infrastructure,2022,9,comprehensive,0.3076
infrastructure,2022,10,disciplines,0.3071
infrastructure,2022,11,play,0.3065
infrastructure,2022,12,investigate,0.3065
infrastructure,2023,1,power,0.3565
infrastructure,2023,2,infrastructural,0.3519
infrastructure,2023,3,policy,0.344
infrastructure,2023,4,networks,0.3241
infrastructure,2023,5,planning,0.3185
infrastructure,2023,6,online,0.3162
infrastructure,2023,7,selection,0.3091
infrastructure,2023,8,experts,0.3087
infrastructure,2023,9,green,0.3074
infrastructure,2023,10,central,0.3071
infrastructure,2023,11,integrating,0.3063
infrastructure,2023,12,disciplinary,0.3053
infrastructure,2024,1,island,0.3738
infrastructure,2024,2,examine,0.3546
infrastructure,2024,3,policy,0.3501
infrastructure,2024,4,prof,0.325
infrastructure,2024,5,waste,0.3172
infrastructure,2024,6,recently,0.305
infrastructure,2024,7,patterns,0.3042
infrastructure,2024,8,networks,0.3039
infrastructure,2024,9,applied,0.2947
infrastructure,2024,10,technical,0.2931
infrastructure,2024,11,issues,0.2907
infrastructure,2024,12,addressing,0.2889
infrastructure,2025,1,green,0.4255
infrastructure,2025,2,networks,0.3767
infrastructure,2025,3,larger,0.3663
infrastructure,2025,4,global,0.3427
infrastructure,2025,5,urban,0.3417
infrastructure,2025,6,integration,0.3415
infrastructure,2025,7,patterns,0.3377
infrastructure,2025,8,city,0.323
infrastructure,2025,9,intersection,0.3175
infrastructure,2025,10,public,0.3133
infrastructure,2025,11,explore,0.3049
infrastructure,2025,12,angeles,0.3025
infrastructure,2026,1,ecology,0.3668
infrastructure,2026,2,region,0.3609
infrastructure,2026,3,patterns,0.35
infrastructure,2026,4,water,0.3453
infrastructure,2026,5,urban,0.3335
infrastructure,2026,6,neighborhood,0.3261
infrastructure,2026,7,systems,0.3217
infrastructure,2026,8,growth,0.3187
infrastructure,2026,9,order,0.3145
infrastructure,2026,10,adaptation,0.3119
infrastructure,2026,11,public,0.311
infrastructure,2026,12,extraction,0.3095
society,2020,1,architecture,0.5251
society,2020,2,change,0.4384
society,2020,3,climate,0.3847
society,2020,4,november,0.3837
society,2020,5,responsibility,0.355
society,2020,6,write,0.3471
society,2020,7,architectural,0.346
society,2020,8,discourse,0.339
society,2020,9,allow,0.337
society,2020,10,urbanism,0.3268
society,2020,11,strong,0.3184
society,2020,12,today,0.3176
society,2021,1,architecture,0.462
society,2021,2,change,0.4541
society,2021,3,write,0.4375
society,2021,4,great,0.4259
society,2021,5,climate,0.4214
society,2021,6,hoyne,0.4145
society,2021,7,october,0.4058
society,2021,8,american,0.3909
society,2021,9,chair,0.3753
society,2021,10,members,0.3505
society,2021,11,necessary,0.3442
society,2021,12,adaptation,0.3396
society,2022,1,climate,0.4936
society,2022,2,change,0.4543
society,2022,3,hoyne,0.4488
society,2022,4,temple,0.4156
society,2022,5,architecture,0.4113
society,2022,6,tech,0.3901
society,2022,7,better,0.3682
society,2022,8,designers,0.3561
society,2022,9,application,0.354
society,2022,10,migration,0.3531
society,2022,11,write,0.3397
society,2022,12,visiting,0.3288
society,2023,1,change,0.4776
society,2023,2,climate,0.4211
society,2023,3,excellence,0.367
society,2023,4,application,0.346
society,2023,5,colonial,0.3369
society,2023,6,architecture,0.3365
society,2023,7,boston,0.335
society,2023,8,hoyne,0.3228
society,2023,9,temple,0.3226
society,2023,10,strong,0.3194
society,2023,11,october,0.3152
society,2023,12,session,0.3119
society,2024,1,change,0.5249
society,2024,2,climate,0.4723
society,2024,3,architecture,0.466
society,2024,4,design,0.3773
society,2024,5,hoyne,0.3564
society,2024,6,economy,0.3301
society,2024,7,american,0.3216
society,2024,8,october,0.3183
society,2024,9,miami,0.3174
society,2024,10,driven,0.3104
society,2024,11,significant,0.3057
society,2024,12,taught,0.3032
society,2025,1,change,0.4352
society,2025,2,architecture,0.4282
society,2025,3,climate,0.4281
society,2025,4,body,0.3771
society,2025,5,york,0.3636
society,2025,6,american,0.358
society,2025,7,write,0.3542
society,2025,8,equity,0.3471
society,2025,9,conference,0.3446
society,2025,10,hoyne,0.3356
society,2025,11,temple,0.3332
society,2025,12,boston,0.329
society,2026,1,change,0.5483
society,2026,2,architecture,0.5038
society,2026,3,climate,0.5016
society,2026,4,association,0.3821
society,2026,5,hoyne,0.3701
society,2026,6,prof,0.3699
society,2026,7,members,0.3678
society,2026,8,october,0.367
society,2026,9,urbanism,0.3663
society,2026,10,conference,0.3423
society,2026,11,american,0.3396
society,2026,12,write,0.3349
world,2020,1,explore,0.3504
world,2020,2,designers,0.3136
world,2020,3,investigate,0.3061
world,2020,4,global,0.3029
world,2020,5,cultural,0.3027
world,2020,6,architects,0.2989
world,2020,7,body,0.2901
world,2020,8,concepts,0.2891
world,2020,9,environmental,0.2885
world,2020,10,look,0.2852
world,2020,11,aims,0.284
world,2020,12,architecture,0.2816
world,2021,1,active,0.3234
world,2021,2,human,0.3031
world,2021,3,changing,0.2979
world,2021,4,sustainable,0.2962
world,2021,5,major,0.2908
world,2021,6,project,0.2855
world,2021,7,leed,0.2758
world,2021,8,contexts,0.2736
world,2021,9,built,0.2733
world,2021,10,oil,0.2721
world,2021,11,explores,0.2717
world,2021,12,passive,0.2703
world,2022,1,anthropocene,0.3711
world,2022,2,narrative,0.3438
world,2022,3,planet,0.3434
world,2022,4,population,0.33
world,2022,5,equitable,0.3264
world,2022,6,migration,0.3187
world,2022,7,political,0.3166
world,2022,8,modern,0.3079
world,2022,9,virtual,0.2971
world,2022,10,interior,0.2904
world,2022,11,resilient,0.287
world,2022,12,possible,0.2825
world,2023,1,map,0.3499
world,2023,2,creating,0.3251
world,2023,3,alternative,0.3119
world,2023,4,cultural,0.3101
world,2023,5,problems,0.3042
world,2023,6,future,0.3031
world,2023,7,value,0.303
world,2023,8,reality,0.2957
world,2023,9,major,0.2922
world,2023,10,territory,0.2894
world,2023,11,century,0.2867
world,2023,12,housing,0.2851
world,2024,1,engaging,0.3155
world,2024,2,risk,0.3078
world,2024,3,lens,0.2966
world,2024,4,digital,0.2959
world,2024,5,better,0.2928
world,2024,6,principal,0.2908
world,2024,7,range,0.2896
world,2024,8,speculative,0.2785
world,2024,9,leed,0.2781
world,2024,10,section,0.2731
world,2024,11,create,0.2648
world,2024,12,impact,0.2646
world,2025,1,build,0.3374
world,2025,2,scenarios,0.3283
world,2025,3,population,0.3227
world,2025,4,land,0.3197
world,2025,5,fossil,0.3154
world,2025,6,solar,0.3142
world,2025,7,others,0.3117
world,2025,8,species,0.301
world,2025,9,central,0.2998
world,2025,10,testing,0.2967
world,2025,11,available,0.2902
world,2025,12,challenge,0.2863
world,2026,1,map,0.3394
world,2026,2,territory,0.3318
world,2026,3,environments,0.3257
world,2026,4,design,0.3219
world,2026,5,extreme,0.3215
world,2026,6,challenges,0.3202
world,2026,7,discourse,0.3179
world,2026,8,experts,0.3178
world,2026,9,cities,0.3173
world,2026,10,excellence,0.311
world,2026,11,designers,0.3093
world,2026,12,making,0.3062
carbon,2020,1,emissions,0.4838
carbon,2020,2,fossil,0.4412
carbon,2020,3,cycle,0.4284
carbon,2020,4,socio,0.4212
carbon,2020,5,urbanism,0.4146
carbon,2020,6,buildings,0.4075
carbon,2020,7,integrate,0.4049
carbon,2020,8,heat,0.3956
carbon,2020,9,goal,0.3637
carbon,2020,10,energy,0.362
carbon,2020,11,advance,0.3574
carbon,2020,12,ability,0.35
carbon,2021,1,zero,0.579
carbon,2021,2,energy,0.5371
carbon,2021,3,emissions,0.4669
carbon,2021,4,growth,0.4268
carbon,2021,5,scenarios,0.42
carbon,2021,6,regenerative,0.3896
carbon,2021,7,consumption,0.3894
carbon,2021,8,cycle,0.3881
carbon,2021,9,gulf,0.3846
carbon,2021,10,design,0.3668
carbon,2021,11,politics,0.3601
carbon,2021,12,museum,0.351
carbon,2022,1,emissions,0.5773
carbon,2022,2,embodied,0.4208
carbon,2022,3,anthropocene,0.4207
carbon,2022,4,mass,0.3711
carbon,2022,5,leadership,0.364
carbon,2022,6,responsibility,0.3634
carbon,2022,7,building,0.3607
carbon,2022,8,fossil,0.3399
carbon,2022,9,diverse,0.3337
carbon,2022,10,profession,0.3328
carbon,2022,11,exploration,0.3304
carbon,2022,12,tool,0.3272
carbon,2023,1,embodied,0.703
carbon,2023,2,emissions,0.4649
carbon,2023,3,zero,0.4011
carbon,2023,4,materials,0.3995
carbon,2023,5,species,0.3984
carbon,2023,6,cycle,0.3946
carbon,2023,7,decisions,0.3856
carbon,2023,8,building,0.3607
carbon,2023,9,earth,0.3374
carbon,2023,10,assessment,0.3181
carbon,2023,11,regenerative,0.3156
carbon,2023,12,impact,0.3153
carbon,2024,1,embodied,0.4448
carbon,2024,2,emissions,0.4206
carbon,2024,3,fossil,0.3987
carbon,2024,4,waste,0.3888
carbon,2024,5,house,0.3824
carbon,2024,6,energy,0.3757
carbon,2024,7,construction,0.3563
carbon,2024,8,emphasis,0.3503
carbon,2024,9,timber,0.3464
carbon,2024,10,mass,0.3389
carbon,2024,11,sites,0.3208
carbon,2024,12,competition,0.3171
carbon,2025,1,zero,0.669
carbon,2025,2,embodied,0.4988
carbon,2025,3,emissions,0.4801
carbon,2025,4,reuse,0.4563
carbon,2025,5,neighborhood,0.4191
carbon,2025,6,social,0.3968
carbon,2025,7,economy,0.3903
carbon,2025,8,passive,0.372
carbon,2025,9,concept,0.3675
carbon,2025,10,climate,0.3638
carbon,2025,11,adaptive,0.3367
carbon,2025,12,exploration,0.3234
carbon,2026,1,embodied,0.7483
carbon,2026,2,emissions,0.5797
carbon,2026,3,energy,0.4495
carbon,2026,4,consumption,0.3892
carbon,2026,5,principles,0.3664
carbon,2026,6,solar,0.3557
carbon,2026,7,impacts,0.3475
carbon,2026,8,industry,0.3413
carbon,2026,9,activities,0.3385
carbon,2026,10,building,0.3353
carbon,2026,11,integrating,0.3351
carbon,2026,12,material,0.325
critical,2020,1,change,0.3625
critical,2020,2,approach,0.3608
critical,2020,3,mapping,0.3598
critical,2020,4,environmental,0.3583
critical,2020,5,design,0.3487
critical,2020,6,identify,0.3456
critical,2020,7,contemporary,0.3425
critical,2020,8,issues,0.3399
critical,2020,9,knowledge,0.3347
critical,2020,10,scholarship,0.3335
critical,2020,11,inform,0.3315
critical,2020,12,assessment,0.3228
critical,2021,1,thinking,0.3734
critical,2021,2,inquiry,0.3618
critical,2021,3,engage,0.3607
critical,2021,4,provides,0.3603
critical,2021,5,following,0.3342
critical,2021,6,maps,0.3333
critical,2021,7,engaged,0.3251
critical,2021,8,florida,0.325
critical,2021,9,discipline,0.3232
critical,2021,10,perspectives,0.3218
critical,2021,11,home,0.3186
critical,2021,12,experts,0.3171
critical,2022,1,play,0.3726
critical,2022,2,migration,0.3632
critical,2022,3,regions,0.3447
critical,2022,4,organizations,0.3319
critical,2022,5,ground,0.3152
critical,2022,6,coastal,0.3152
critical,2022,7,narrative,0.3113
critical,2022,8,concerns,0.3111
critical,2022,9,resilience,0.3103
critical,2022,10,lens,0.3056
critical,2022,11,short,0.299
critical,2022,12,representation,0.2981
critical,2023,1,experts,0.3467
critical,2023,2,short,0.3176
critical,2023,3,vision,0.3133
critical,2023,4,societal,0.3037
critical,2023,5,teaches,0.3008
critical,2023,6,building,0.2971
critical,2023,7,industrial,0.2949
critical,2023,8,san,0.2933
critical,2023,9,engaging,0.2892
critical,2023,10,production,0.2883
critical,2023,11,play,0.2864
critical,2023,12,lens,0.285
critical,2024,1,required,0.3539
critical,2024,2,scholarship,0.349
critical,2024,3,perspectives,0.3489
critical,2024,4,thinking,0.3298
critical,2024,5,resource,0.3292
critical,2024,6,inquiry,0.3167
critical,2024,7,alternative,0.3152
critical,2024,8,architectural,0.3151
critical,2024,9,ecology,0.3107
critical,2024,10,able,0.3086
critical,2024,11,critically,0.3075
critical,2024,12,humanities,0.3061
critical,2025,1,problem,0.3579
critical,2025,2,thinking,0.3392
critical,2025,3,perspective,0.3195
critical,2025,4,addressing,0.3158
critical,2025,5,engaging,0.3076
critical,2025,6,mapping,0.3047
critical,2025,7,territory,0.3036
critical,2025,8,examine,0.2881
critical,2025,9,planet,0.2791
critical,2025,10,power,0.2766
critical,2025,11,growth,0.2754
critical,2025,12,designing,0.2739
critical,2026,1,inquiry,0.5089
critical,2026,2,architectural,0.4133
critical,2026,3,ethical,0.3832
critical,2026,4,disciplinary,0.3814
critical,2026,5,environmental,0.3526
critical,2026,6,anthropocene,0.3438
critical,2026,7,form,0.3367
critical,2026,8,creative,0.3294
critical,2026,9,cultural,0.3249
critical,2026,10,ecological,0.3222
critical,2026,11,materials,0.3205
critical,2026,12,needs,0.3102
human,2020,1,species,0.4078
human,2020,2,anthropocene,0.3649
human,2020,3,migration,0.3621
human,2020,4,contexts,0.3563
human,2020,5,virtual,0.3556
human,2020,6,comfort,0.3512
human,2020,7,ability,0.3303
human,2020,8,technological,0.3278
human,2020,9,sciences,0.3215
human,2020,10,nature,0.3203
human,2020,11,consumption,0.3191
human,2020,12,face,0.317
human,2021,1,environmental,0.3724
human,2021,2,climate,0.3715
human,2021,3,built,0.3689
human,2021,4,environments,0.3672
human,2021,5,design,0.3579
human,2021,6,social,0.3382
human,2021,7,response,0.3225
human,2021,8,nature,0.319
human,2021,9,experiences,0.3151
human,2021,10,next,0.3118
human,2021,11,weather,0.3108
human,2021,12,integrate,0.3107
human,2022,1,anthropocene,0.4715
human,2022,2,inquiry,0.4449
human,2022,3,decisions,0.377
human,2022,4,planet,0.3756
human,2022,5,comfort,0.3602
human,2022,6,environment,0.3405
human,2022,7,health,0.3356
human,2022,8,species,0.3176
human,2022,9,begin,0.316
human,2022,10,living,0.3124
human,2022,11,communities,0.3093
human,2022,12,vulnerable,0.3088
human,2023,1,adaptation,0.3323
human,2023,2,park,0.3313
human,2023,3,scientific,0.3284
human,2023,4,extraction,0.3279
human,2023,5,resource,0.3275
human,2023,6,inquiry,0.3247
human,2023,7,policies,0.3233
human,2023,8,interior,0.3177
human,2023,9,natural,0.3065
human,2023,10,session,0.3044
human,2023,11,indigenous,0.3036
human,2023,12,anthropocene,0.3027
human,2024,1,health,0.3532
human,2024,2,species,0.3432
human,2024,3,vulnerable,0.3393
human,2024,4,planet,0.3387
human,2024,5,anthropocene,0.3269
human,2024,6,scenarios,0.3117
human,2024,7,complex,0.3061
human,2024,8,integration,0.2998
human,2024,9,space,0.2959
human,2024,10,population,0.2959
human,2024,11,designing,0.2958
human,2024,12,impacts,0.2936
human,2025,1,anthropocene,0.3325
human,2025,2,session,0.3321
human,2025,3,vulnerable,0.3241
human,2025,4,important,0.3075
human,2025,5,contexts,0.3059
human,2025,6,ecologies,0.3035
human,2025,7,indigenous,0.3034
human,2025,8,tool,0.2949
human,2025,9,necessary,0.2862
human,2025,10,infrastructural,0.2843
human,2025,11,activities,0.2816
human,2025,12,earth,0.2791
human,2026,1,equity,0.4092
human,2026,2,health,0.3886
human,2026,3,houston,0.371
human,2026,4,migration,0.3521
human,2026,5,experience,0.3415
human,2026,6,groups,0.33
human,2026,7,comfort,0.3294
human,2026,8,responsive,0.3249
human,2026,9,species,0.319
human,2026,10,environmental,0.3186
human,2026,11,begin,0.3173
human,2026,12,better,0.3076
justice,2020,1,social,0.5821
justice,2020,2,climate,0.4993
justice,2020,3,change,0.463
justice,2020,4,equity,0.4215
justice,2020,5,environmental,0.4211
justice,2020,6,action,0.3837
justice,2020,7,issues,0.3748
justice,2020,8,community,0.3662
justice,2020,9,addressing,0.3612
justice,2020,10,engagement,0.3533
justice,2020,11,decisions,0.3342
justice,2020,12,policy,0.3309
justice,2021,1,climate,0.5
justice,2021,2,equity,0.4168
justice,2021,3,impacts,0.4014
justice,2021,4,migration,0.3854
justice,2021,5,social,0.3838
justice,2021,6,environmental,0.3686
justice,2021,7,change,0.3586
justice,2021,8,component,0.3371
justice,2021,9,people,0.3337
justice,2021,10,crisis,0.3304
justice,2021,11,oklahoma,0.3246
justice,2021,12,topic,0.3131
justice,2022,1,climate,0.473
justice,2022,2,equity,0.4412
justice,2022,3,health,0.3959
justice,2022,4,design,0.3831
justice,2022,5,change,0.3809
justice,2022,6,environmental,0.3652
justice,2022,7,goals,0.3562
justice,2022,8,prof,0.3522
justice,2022,9,educator,0.3448
justice,2022,10,crisis,0.3429
justice,2022,11,leed,0.3402
justice,2022,12,mitigation,0.3386
justice,2023,1,social,0.5061
justice,2023,2,environmental,0.4831
justice,2023,3,equitable,0.389
justice,2023,4,investigate,0.3875
justice,2023,5,available,0.3816
justice,2023,6,contexts,0.3649
justice,2023,7,discipline,0.3463
justice,2023,8,museum,0.3293
justice,2023,9,spatial,0.3248
justice,2023,10,neighborhoods,0.3233
justice,2023,11,humanities,0.3199
justice,2023,12,technological,0.3192
justice,2024,1,climate,0.5321
justice,2024,2,social,0.4549
justice,2024,3,intersection,0.4312
justice,2024,4,change,0.3778
justice,2024,5,crisis,0.3726
justice,2024,6,design,0.3427
justice,2024,7,houston,0.337
justice,2024,8,fellow,0.3232
justice,2024,9,section,0.314
justice,2024,10,required,0.3099
justice,2024,11,spatial,0.307
justice,2024,12,action,0.3039
justice,2025,1,climate,0.5255
justice,2025,2,environmental,0.4476
justice,2025,3,change,0.4207
justice,2025,4,equity,0.4103
justice,2025,5,mitigation,0.3837
justice,2025,6,larger,0.3761
justice,2025,7,social,0.3579
justice,2025,8,design,0.3191
justice,2025,9,addressing,0.3181
justice,2025,10,investigate,0.3173
justice,2025,11,spatial,0.312
justice,2025,12,awarded,0.3094
justice,2026,1,equity,0.5499
justice,2026,2,social,0.4843
justice,2026,3,environmental,0.4601
justice,2026,4,climate,0.4319
justice,2026,5,politics,0.4078
justice,2026,6,change,0.3963
justice,2026,7,urban,0.3827
justice,2026,8,health,0.3819
justice,2026,9,october,0.3735
justice,2026,10,help,0.3638
justice,2026,11,lens,0.3613
justice,2026,12,examine,0.3495
ecological,2020,1,socio,0.416
ecological,2020,2,concerns,0.3906
ecological,2020,3,lab,0.3808
ecological,2020,4,cultural,0.3665
ecological,2020,5,interest,0.3647
ecological,2020,6,design,0.3641
ecological,2020,7,range,0.3506
ecological,2020,8,taught,0.3493
ecological,2020,9,advanced,0.3433
ecological,2020,10,landscape,0.3425
ecological,2020,11,impacts,0.3415
ecological,2020,12,thinking,0.3411
ecological,2021,1,vision,0.3688
ecological,2021,2,shared,0.3577
ecological,2021,3,systems,0.3517
ecological,2021,4,collective,0.3506
ecological,2021,5,regenerative,0.3487
ecological,2021,6,future,0.3366
ecological,2021,7,neighborhood,0.3218
ecological,2021,8,socio,0.3136
ecological,2021,9,urbanism,0.3092
ecological,2021,10,lab,0.3067
ecological,2021,11,economic,0.3031
ecological,2021,12,social,0.3029
ecological,2022,1,anthropocene,0.3898
ecological,2022,2,infrastructural,0.3721
ecological,2022,3,emphasis,0.3583
ecological,2022,4,zero,0.3547
ecological,2022,5,cycle,0.3489
ecological,2022,6,social,0.3337
ecological,2022,7,engaged,0.3314
ecological,2022,8,fossil,0.3196
ecological,2022,9,conditions,0.3001
ecological,2022,10,narratives,0.298
ecological,2022,11,better,0.2933
ecological,2022,12,natural,0.2926
ecological,2023,1,power,0.3439
ecological,2023,2,responsibility,0.3337
ecological,2023,3,cycle,0.3319
ecological,2023,4,cultural,0.327
ecological,2023,5,agency,0.3179
ecological,2023,6,ethical,0.3175
ecological,2023,7,river,0.3123
ecological,2023,8,extraction,0.3044
ecological,2023,9,wide,0.3034
ecological,2023,10,food,0.2945
ecological,2023,11,climatic,0.2891
ecological,2023,12,lab,0.2871
ecological,2024,1,socio,0.3798
ecological,2024,2,environmental,0.3754
ecological,2024,3,responsibility,0.3198
ecological,2024,4,levels,0.3108
ecological,2024,5,ethics,0.3071
ecological,2024,6,institutional,0.3069
ecological,2024,7,gulf,0.3037
ecological,2024,8,health,0.2978
ecological,2024,9,inquiry,0.2956
ecological,2024,10,networks,0.294
ecological,2024,11,addressing,0.2924
ecological,2024,12,species,0.2866
ecological,2025,1,environmental,0.4573
ecological,2025,2,earth,0.3565
ecological,2025,3,social,0.3491
ecological,2025,4,systems,0.346
ecological,2025,5,colonial,0.3378
ecological,2025,6,intersection,0.327
ecological,2025,7,alternative,0.3237
ecological,2025,8,solutions,0.3167
ecological,2025,9,responsibility,0.3131
ecological,2025,10,technological,0.3096
ecological,2025,11,begin,0.3091
ecological,2025,12,justice,0.3086
ecological,2026,1,cultural,0.4262
ecological,2026,2,social,0.4105
ecological,2026,3,contexts,0.398
ecological,2026,4,integrate,0.3918
ecological,2026,5,houston,0.3689
ecological,2026,6,miami,0.3591
ecological,2026,7,ethical,0.3578
ecological,2026,8,engaging,0.3421
ecological,2026,9,perspectives,0.3398
ecological,2026,10,histories,0.3375
ecological,2026,11,interventions,0.3351
ecological,2026,12,material,0.326
community,2020,1,engagement,0.7253
community,2020,2,design,0.3889
community,2020,3,justice,0.3662
community,2020,4,equitable,0.3498
community,2020,5,equity,0.3361
community,2020,6,local,0.333
community,2020,7,public,0.319
community,2020,8,resilient,0.3149
community,2020,9,chair,0.3143
community,2020,10,broader,0.3101
community,2020,11,site,0.3095
community,2020,12,collaboration,0.3077
community,2021,1,partners,0.6084
community,2021,2,regenerative,0.4363
community,2021,3,design,0.4249
community,2021,4,region,0.4118
community,2021,5,neighborhood,0.3892
community,2021,6,north,0.3842
community,2021,7,health,0.3808
community,2021,8,service,0.3742
community,2021,9,planning,0.3713
community,2021,10,issues,0.3701
community,2021,11,engaged,0.365
community,2021,12,equitable,0.3606
community,2022,1,service,0.4191
community,2022,2,design,0.4094
community,2022,3,designers,0.3807
community,2022,4,responsive,0.3804
community,2022,5,engaged,0.3695
community,2022,6,shared,0.3563
community,2022,7,neighborhood,0.3516
community,2022,8,responsibility,0.3246
community,2022,9,educator,0.3177
community,2022,10,goals,0.3159
community,2022,11,introduction,0.3068
community,2022,12,organizations,0.305
community,2023,1,engagement,0.5425
community,2023,2,partners,0.3772
community,2023,3,designer,0.3217
community,2023,4,members,0.3165
community,2023,5,neighborhood,0.31
community,2023,6,public,0.2898
community,2023,7,focused,0.289
community,2023,8,urban,0.2864
community,2023,9,library,0.2789
community,2023,10,institutions,0.2744
community,2023,11,efforts,0.2731
community,2023,12,emphasis,0.2723
community,2024,1,regenerative,0.4234
community,2024,2,partners,0.4173
community,2024,3,experts,0.3689
community,2024,4,teams,0.3299
community,2024,5,engagement,0.3155
community,2024,6,neighborhood,0.3151
community,2024,7,housing,0.3048
community,2024,8,neighborhoods,0.3006
community,2024,9,action,0.2962
community,2024,10,west,0.2959
community,2024,11,aims,0.2919
community,2024,12,local,0.2897
community,2025,1,engagement,0.5561
community,2025,2,engaged,0.4216
community,2025,3,needs,0.3937
community,2025,4,service,0.3717
community,2025,5,partners,0.3381
community,2025,6,shared,0.3114
community,2025,7,integration,0.308
community,2025,8,impact,0.2986
community,2025,9,workshops,0.2943
community,2025,10,cultural,0.29
community,2025,11,engage,0.2899
community,2025,12,local,0.2817
community,2026,1,engaged,0.5712
community,2026,2,partners,0.5515
community,2026,3,resilience,0.4924
community,2026,4,partner,0.4392
community,2026,5,design,0.4311
community,2026,6,collaboration,0.4251
community,2026,7,societal,0.4116
community,2026,8,neighborhood,0.4098
community,2026,9,organizations,0.4043
community,2026,10,public,0.4037
community,2026,11,engagement,0.3958
community,2026,12,visiting,0.3873
issue,2020,1,texas,0.368
issue,2020,2,carbon,0.3441
issue,2020,3,needs,0.3364
issue,2020,4,topic,0.3345
issue,2020,5,region,0.3276
issue,2020,6,public,0.3226
issue,2020,7,disciplines,0.3188
issue,2020,8,presentation,0.3144
issue,2020,9,perspectives,0.3135
issue,2020,10,impacts,0.3069
issue,2020,11,urbanism,0.306
issue,2020,12,adaptation,0.3039
issue,2021,1,list,0.3578
issue,2021,2,programs,0.345
issue,2021,3,wide,0.3362
issue,2021,4,ethical,0.3351
issue,2021,5,innovation,0.318
issue,2021,6,crisis,0.3163
issue,2021,7,scale,0.3136
issue,2021,8,interest,0.3132
issue,2021,9,simulation,0.3121
issue,2021,10,concept,0.3119
issue,2021,11,multi,0.3117
issue,2021,12,published,0.3114
issue,2022,1,narrative,0.4038
issue,2022,2,historical,0.3964
issue,2022,3,population,0.3726
issue,2022,4,significant,0.3703
issue,2022,5,territory,0.354
issue,2022,6,addition,0.3418
issue,2022,7,weather,0.3325
issue,2022,8,others,0.3264
issue,2022,9,cultural,0.3253
issue,2022,10,simulation,0.3253
issue,2022,11,served,0.3244
issue,2022,12,allow,0.3237
issue,2023,1,economy,0.4026
issue,2023,2,problem,0.3745
issue,2023,3,policies,0.3478
issue,2023,4,emissions,0.3432
issue,2023,5,sustainability,0.3387
issue,2023,6,technological,0.3317
issue,2023,7,networks,0.3296
issue,2023,8,people,0.3294
issue,2023,9,crisis,0.3235
issue,2023,10,scientific,0.3223
issue,2023,11,buildings,0.3178
issue,2023,12,century,0.3177
issue,2024,1,houston,0.3893
issue,2024,2,cycle,0.3835
issue,2024,3,waste,0.3701
issue,2024,4,session,0.3619
issue,2024,5,problem,0.3616
issue,2024,6,humanities,0.355
issue,2024,7,data,0.3534
issue,2024,8,anthropocene,0.3428
issue,2024,9,infrastructures,0.3367
issue,2024,10,materials,0.3324
issue,2024,11,land,0.3286
issue,2024,12,scholarship,0.3285
issue,2025,1,complex,0.4745
issue,2025,2,components,0.4647
issue,2025,3,problem,0.4595
issue,2025,4,lens,0.4201
issue,2025,5,making,0.411
issue,2025,6,short,0.4041
issue,2025,7,assessment,0.3962
issue,2025,8,decisions,0.3954
issue,2025,9,embodied,0.3951
issue,2025,10,provides,0.3947
issue,2025,11,contexts,0.3926
issue,2025,12,produce,0.3907
issue,2026,1,technological,0.4012
issue,2026,2,issues,0.3962
issue,2026,3,equitable,0.392
issue,2026,4,building,0.3891
issue,2026,5,reuse,0.3886
issue,2026,6,material,0.3851
issue,2026,7,historic,0.3749
issue,2026,8,preservation,0.3527
issue,2026,9,exploring,0.3525
issue,2026,10,contemporary,0.3513
issue,2026,11,centers,0.3481
issue,2026,12,technical,0.3416
impact,2020,1,building,0.3711
impact,2020,2,potential,0.347
impact,2020,3,thermal,0.3465
impact,2020,4,significant,0.3386
impact,2020,5,environment,0.3371
impact,2020,6,buildings,0.3351
impact,2020,7,assessment,0.3347
impact,2020,8,presentation,0.3338
impact,2020,9,challenges,0.3334
impact,2020,10,built,0.327
impact,2020,11,carbon,0.3268
impact,2020,12,societal,0.321
impact,2021,1,significant,0.4794
impact,2021,2,infrastructural,0.36
impact,2021,3,planet,0.3423
impact,2021,4,water,0.3404
impact,2021,5,potential,0.3327
impact,2021,6,decisions,0.3304
impact,2021,7,ability,0.3279
impact,2021,8,adaptive,0.32
impact,2021,9,performance,0.3195
impact,2021,10,able,0.3167
impact,2021,11,quality,0.3101
impact,2021,12,expertise,0.31
impact,2022,1,profession,0.335
impact,2022,2,necessary,0.3261
impact,2022,3,focused,0.3245
impact,2022,4,structural,0.3185
impact,2022,5,management,0.3149
impact,2022,6,anthropocene,0.3104
impact,2022,7,air,0.3099
impact,2022,8,advance,0.3049
impact,2022,9,relevant,0.2966
impact,2022,10,critically,0.2918
impact,2022,11,lens,0.2904
impact,2022,12,green,0.2886
impact,2023,1,responsibility,0.4029
impact,2023,2,contribute,0.3603
impact,2023,3,ability,0.3559
impact,2023,4,public,0.3553
impact,2023,5,discipline,0.3429
impact,2023,6,designing,0.3324
impact,2023,7,multiple,0.3232
impact,2023,8,interventions,0.3216
impact,2023,9,industry,0.3174
impact,2023,10,carbon,0.3153
impact,2023,11,societal,0.3139
impact,2023,12,experiences,0.3132
impact,2024,1,decisions,0.4276
impact,2024,2,implementation,0.3474
impact,2024,3,equitable,0.3404
impact,2024,4,critically,0.3393
impact,2024,5,investigate,0.3385
impact,2024,6,economic,0.3335
impact,2024,7,necessary,0.331
impact,2024,8,significant,0.325
impact,2024,9,framework,0.3139
impact,2024,10,contribute,0.3106
impact,2024,11,component,0.3082
impact,2024,12,social,0.2965
impact,2025,1,post,0.3421
impact,2025,2,west,0.334
impact,2025,3,oil,0.3229
impact,2025,4,construction,0.3215
impact,2025,5,larger,0.3146
impact,2025,6,infrastructural,0.3132
impact,2025,7,service,0.3111
impact,2025,8,neighborhood,0.3107
impact,2025,9,community,0.2986
impact,2025,10,vulnerable,0.2907
impact,2025,11,health,0.2885
impact,2025,12,reuse,0.2835
impact,2026,1,environmental,0.4869
impact,2026,2,equity,0.4256
impact,2026,3,performance,0.4069
impact,2026,4,broader,0.3713
impact,2026,5,climate,0.3689
impact,2026,6,solutions,0.3676
impact,2026,7,model,0.354
impact,2026,8,analyze,0.3481
impact,2026,9,required,0.3418
impact,2026,10,decisions,0.3348
impact,2026,11,economic,0.3309
impact,2026,12,goals,0.33
experience,2020,1,illinois,0.341
experience,2020,2,oklahoma,0.3253
experience,2020,3,interior,0.3177
experience,2020,4,design,0.3163
experience,2020,5,future,0.3141
experience,2020,6,perspective,0.3116
experience,2020,7,north,0.3108
experience,2020,8,passive,0.3101
experience,2020,9,issues,0.3053
experience,2020,10,online,0.3033
experience,2020,11,worked,0.2987
experience,2020,12,whose,0.2986
experience,2021,1,responsive,0.3687
experience,2021,2,architecture,0.3606
experience,2021,3,media,0.3529
experience,2021,4,experiences,0.3366
experience,2021,5,provides,0.3263
experience,2021,6,illinois,0.3218
experience,2021,7,challenges,0.3201
experience,2021,8,san,0.3192
experience,2021,9,investigate,0.3151
experience,2021,10,designer,0.3143
experience,2021,11,critical,0.3055
experience,2021,12,west,0.3051
experience,2022,1,responsibility,0.377
experience,2022,2,available,0.3508
experience,2022,3,san,0.3297
experience,2022,4,humanities,0.3287
experience,2022,5,partners,0.3145
experience,2022,6,strong,0.3145
experience,2022,7,profession,0.3052
experience,2022,8,presented,0.2996
experience,2022,9,integrate,0.2908
experience,2022,10,complex,0.289
experience,2022,11,allow,0.2865
experience,2022,12,museum,0.2861
experience,2023,1,responsive,0.3553
experience,2023,2,prof,0.3248
experience,2023,3,embodied,0.3164
experience,2023,4,regenerative,0.3113
experience,2023,5,excellence,0.3011
experience,2023,6,architect,0.3005
experience,2023,7,innovative,0.2935
experience,2023,8,boston,0.2925
experience,2023,9,angeles,0.2905
experience,2023,10,engaging,0.29
experience,2023,11,los,0.289
experience,2023,12,educator,0.2868
experience,2024,1,members,0.3272
experience,2024,2,presented,0.3199
experience,2024,3,speculative,0.3193
experience,2024,4,expertise,0.3097
experience,2024,5,particular,0.3085
experience,2024,6,rise,0.3062
experience,2024,7,house,0.3051
experience,2024,8,feedback,0.3042
experience,2024,9,perspective,0.2989
experience,2024,10,principal,0.2967
experience,2024,11,collaborative,0.2869
experience,2024,12,solar,0.2867
experience,2025,1,preservation,0.3222
experience,2025,2,best,0.3214
experience,2025,3,scenarios,0.3158
experience,2025,4,indigenous,0.3132
experience,2025,5,design,0.2973
experience,2025,6,taught,0.2973
experience,2025,7,profession,0.2929
experience,2025,8,wide,0.292
experience,2025,9,urban,0.2913
experience,2025,10,responsibility,0.2912
experience,2025,11,networks,0.2893
experience,2025,12,fellow,0.2882
experience,2026,1,practice,0.3936
experience,2026,2,leed,0.3624
experience,2026,3,design,0.3424
experience,2026,4,human,0.3415
experience,2026,5,prior,0.3259
experience,2026,6,engaged,0.3242
experience,2026,7,worked,0.3195
experience,2026,8,impact,0.319
experience,2026,9,driven,0.3145
experience,2026,10,mass,0.314
experience,2026,11,expertise,0.3113
experience,2026,12,exploring,0.3111
science,2020,1,planning,0.404
science,2020,2,engineering,0.3958
science,2020,3,history,0.3834
science,2020,4,foundation,0.3752
science,2020,5,architecture,0.3742
science,2020,6,art,0.3619
science,2020,7,virginia,0.3595
science,2020,8,preservation,0.3539
science,2020,9,tech,0.3519
science,2020,10,fellow,0.3511
science,2020,11,exploring,0.3465
science,2020,12,humanities,0.346
science,2021,1,engineering,0.4663
science,2021,2,architecture,0.4414
science,2021,3,foundation,0.3547
science,2021,4,technology,0.3389
science,2021,5,principles,0.3357
science,2021,6,published,0.3268
science,2021,7,humanities,0.3194
science,2021,8,ecology,0.319
science,2021,9,scholarship,0.3151
science,2021,10,regional,0.3109
science,2021,11,illinois,0.3108
science,2021,12,inquiry,0.3054
science,2022,1,disciplines,0.4624
science,2022,2,responsibility,0.4441
science,2022,3,content,0.3979
science,2022,4,holds,0.3603
science,2022,5,library,0.3489
science,2022,6,testing,0.3458
science,2022,7,humanities,0.3431
science,2022,8,foundation,0.3395
science,2022,9,comfort,0.3331
science,2022,10,national,0.3327
science,2022,11,passive,0.3314
science,2022,12,addition,0.3288
science,2023,1,central,0.4106
science,2023,2,served,0.3462
science,2023,3,wide,0.3402
science,2023,4,principal,0.3206
science,2023,5,engineering,0.3148
science,2023,6,embodied,0.3102
science,2023,7,technology,0.3035
science,2023,8,architecture,0.3012
science,2023,9,sustainability,0.2999
science,2023,10,discourse,0.2992
science,2023,11,prof,0.297
science,2023,12,societal,0.2956
science,2024,1,assessment,0.355
science,2024,2,oklahoma,0.3329
science,2024,3,particular,0.3308
science,2024,4,san,0.3264
science,2024,5,association,0.3159
science,2024,6,addressing,0.3145
science,2024,7,principles,0.3104
science,2024,8,published,0.3088
science,2024,9,shared,0.3075
science,2024,10,objectives,0.293
science,2024,11,design,0.293
science,2024,12,better,0.2929
science,2025,1,provides,0.3702
science,2025,2,served,0.3649
science,2025,3,tool,0.3456
science,2025,4,historic,0.3338
science,2025,5,holds,0.3311
science,2025,6,house,0.3305
science,2025,7,preservation,0.3299
science,2025,8,intersection,0.329
science,2025,9,san,0.3273
science,2025,10,architecture,0.3244
science,2025,11,advanced,0.3209
science,2025,12,produce,0.3202
science,2026,1,building,0.4484
science,2026,2,technology,0.4176
science,2026,3,performance,0.4004
science,2026,4,holds,0.3945
science,2026,5,sciences,0.3895
science,2026,6,design,0.3662
science,2026,7,sustainable,0.3616
science,2026,8,architecture,0.3524
science,2026,9,technical,0.3444
science,2026,10,architectural,0.3422
science,2026,11,engineering,0.3393
science,2026,12,zero,0.3349
resource,2020,1,extraction,0.4192
resource,2020,2,energy,0.387
resource,2020,3,consumption,0.3668
resource,2020,4,histories,0.3573
resource,2020,5,management,0.3436
resource,2020,6,framework,0.3398
resource,2020,7,regional,0.3372
resource,2020,8,reuse,0.3201
resource,2020,9,sustainable,0.318
resource,2020,10,tech,0.3138
resource,2020,11,think,0.3093
resource,2020,12,experts,0.3074
resource,2021,1,extraction,0.3527
resource,2021,2,management,0.3479
resource,2021,3,population,0.3405
resource,2021,4,workshops,0.3175
resource,2021,5,environmental,0.3155
resource,2021,6,service,0.3138
resource,2021,7,wide,0.3071
resource,2021,8,consumption,0.3052
resource,2021,9,economy,0.3011
resource,2021,10,production,0.2965
resource,2021,11,excellence,0.2962
resource,2021,12,histories,0.2868
resource,2022,1,extraction,0.5948
resource,2022,2,planet,0.4326
resource,2022,3,growth,0.3779
resource,2022,4,consumption,0.3687
resource,2022,5,shared,0.3582
resource,2022,6,fossil,0.352
resource,2022,7,disciplines,0.3453
resource,2022,8,emissions,0.3413
resource,2022,9,recent,0.3376
resource,2022,10,due,0.3285
resource,2022,11,landscapes,0.3284
resource,2022,12,territory,0.3236
resource,2023,1,extraction,0.6349
resource,2023,2,management,0.4358
resource,2023,3,socio,0.4215
resource,2023,4,decisions,0.3902
resource,2023,5,networks,0.3615
resource,2023,6,natural,0.3606
resource,2023,7,politics,0.3506
resource,2023,8,river,0.3492
resource,2023,9,infrastructural,0.3488
resource,2023,10,power,0.3401
resource,2023,11,modeling,0.3352
resource,2023,12,multiple,0.329
resource,2024,1,extraction,0.5305
resource,2024,2,passive,0.4124
resource,2024,3,global,0.4098
resource,2024,4,energy,0.3634
resource,2024,5,labor,0.3599
resource,2024,6,architectural,0.3536
resource,2024,7,exploration,0.3458
resource,2024,8,assessment,0.3342
resource,2024,9,critical,0.3292
resource,2024,10,tech,0.319
resource,2024,11,growth,0.3134
resource,2024,12,deep,0.3095
resource,2025,1,extraction,0.6126
resource,2025,2,infrastructural,0.4078
resource,2025,3,socio,0.3648
resource,2025,4,responsibility,0.3518
resource,2025,5,critically,0.3424
resource,2025,6,weather,0.3365
resource,2025,7,session,0.327
resource,2025,8,consumption,0.3213
resource,2025,9,great,0.3151
resource,2025,10,response,0.3146
resource,2025,11,possible,0.3125
resource,2025,12,comprehensive,0.3108
resource,2026,1,experts,0.3814
resource,2026,2,extraction,0.3697
resource,2026,3,mapping,0.3682
resource,2026,4,action,0.3516
resource,2026,5,ethical,0.3424
resource,2026,6,next,0.3333
resource,2026,7,management,0.3263
resource,2026,8,order,0.3247
resource,2026,9,industrial,0.3205
resource,2026,10,political,0.309
resource,2026,11,material,0.3052
resource,2026,12,vulnerable,0.3014
data,2020,1,analyze,0.3873
data,2020,2,mapping,0.3742
data,2020,3,tools,0.3644
data,2020,4,online,0.3561
data,2020,5,access,0.348
data,2020,6,thermal,0.341
data,2020,7,techniques,0.3375
data,2020,8,multiple,0.3249
data,2020,9,exploration,0.3148
data,2020,10,representation,0.3134
data,2020,11,modeling,0.3127
data,2020,12,maps,0.3097
data,2021,1,driven,0.4379
data,2021,2,mapping,0.3472
data,2021,3,modeling,0.3443
data,2021,4,scientific,0.3318
data,2021,5,socio,0.3289
data,2021,6,travel,0.3169
data,2021,7,identify,0.3121
data,2021,8,visual,0.3097
data,2021,9,exploration,0.309
data,2021,10,concepts,0.3064
data,2021,11,population,0.3058
data,2021,12,experiences,0.304
data,2022,1,driven,0.444
data,2022,2,analyze,0.4224
data,2022,3,modeling,0.4143
data,2022,4,able,0.3977
data,2022,5,zero,0.3737
data,2022,6,narratives,0.3679
data,2022,7,frameworks,0.3672
data,2022,8,necessary,0.3645
data,2022,9,set,0.3597
data,2022,10,mapping,0.3525
data,2022,11,tool,0.3496
data,2022,12,component,0.3452
data,2023,1,simulation,0.4292
data,2023,2,neighborhood,0.3904
data,2023,3,driven,0.3773
data,2023,4,management,0.373
data,2023,5,thermal,0.341
data,2023,6,available,0.3406
data,2023,7,map,0.3392
data,2023,8,sources,0.3349
data,2023,9,problem,0.3341
data,2023,10,leadership,0.3272
data,2023,11,tech,0.3218
data,2023,12,discipline,0.3216
data,2024,1,maps,0.4098
data,2024,2,fossil,0.4022
data,2024,3,oil,0.3846
data,2024,4,integration,0.3649
data,2024,5,infrastructures,0.3277
data,2024,6,means,0.3132
data,2024,7,economy,0.3117
data,2024,8,point,0.3095
data,2024,9,creative,0.3042
data,2024,10,neighborhoods,0.303
data,2024,11,simulation,0.3022
data,2024,12,directly,0.2957
data,2025,1,weather,0.3825
data,2025,2,inform,0.3648
data,2025,3,reality,0.33
data,2025,4,decisions,0.3258
data,2025,5,better,0.3167
data,2025,6,historic,0.3166
data,2025,7,neighborhoods,0.3159
data,2025,8,testing,0.3143
data,2025,9,integration,0.3129
data,2025,10,contexts,0.3023
data,2025,11,extreme,0.2986
data,2025,12,maps,0.298
data,2026,1,november,0.3838
data,2026,2,centers,0.3822
data,2026,3,radical,0.3266
data,2026,4,concepts,0.3038
data,2026,5,simulation,0.2985
data,2026,6,narratives,0.2973
data,2026,7,policy,0.2968
data,2026,8,become,0.2956
data,2026,9,population,0.2918
data,2026,10,growth,0.291
data,2026,11,maps,0.2825
data,2026,12,regional,0.2824
health,2020,1,harvard,0.4154
health,2020,2,equitable,0.3989
health,2020,3,simulation,0.37
health,2020,4,public,0.3491
health,2020,5,virtual,0.346
health,2020,6,social,0.3364
health,2020,7,science,0.3361
health,2020,8,system,0.3337
health,2020,9,sciences,0.3304
health,2020,10,comfort,0.3295
health,2020,11,justice,0.329
health,2020,12,holds,0.327
health,2021,1,community,0.3808
health,2021,2,opportunities,0.3782
health,2021,3,emerging,0.3581
health,2021,4,scenarios,0.3557
health,2021,5,comfort,0.3518
health,2021,6,neighborhood,0.3508
health,2021,7,broader,0.3508
health,2021,8,body,0.3489
health,2021,9,particularly,0.3482
health,2021,10,public,0.3421
health,2021,11,territory,0.3412
health,2021,12,prof,0.3269
health,2022,1,designs,0.4313
health,2022,2,decisions,0.4253
health,2022,3,intersection,0.4223
health,2022,4,prof,0.4095
health,2022,5,equity,0.4035
health,2022,6,justice,0.3959
health,2022,7,mitigation,0.3535
health,2022,8,excellence,0.3372
health,2022,9,advance,0.3363
health,2022,10,human,0.3356
health,2022,11,deep,0.3303
health,2022,12,ethics,0.3291
health,2023,1,equity,0.3917
health,2023,2,vulnerable,0.3769
health,2023,3,societal,0.3638
health,2023,4,reality,0.3507
health,2023,5,emphasis,0.3473
health,2023,6,collective,0.3406
health,2023,7,concerns,0.3305
health,2023,8,policies,0.3281
health,2023,9,technologies,0.3241
health,2023,10,areas,0.3234
health,2023,11,miami,0.3195
health,2023,12,patterns,0.3101
health,2024,1,impacts,0.3592
health,2024,2,human,0.3532
health,2024,3,modern,0.3517
health,2024,4,preservation,0.3447
health,2024,5,simulation,0.339
health,2024,6,patterns,0.3195
health,2024,7,thermal,0.3144
health,2024,8,problems,0.3037
health,2024,9,response,0.3021
health,2024,10,organizations,0.3015
health,2024,11,heat,0.2994
health,2024,12,ecological,0.2978
health,2025,1,population,0.4582
health,2025,2,book,0.3582
health,2025,3,effects,0.3576
health,2025,4,public,0.3468
health,2025,5,better,0.3448
health,2025,6,quality,0.3369
health,2025,7,worked,0.3293
health,2025,8,teams,0.3231
health,2025,9,infrastructural,0.3174
health,2025,10,consumption,0.3171
health,2025,11,concerns,0.3093
health,2025,12,institutional,0.3079
health,2026,1,equity,0.5885
health,2026,2,environmental,0.4223
health,2026,3,climate,0.4007
health,2026,4,responsive,0.3941
health,2026,5,human,0.3886
health,2026,6,justice,0.3819
health,2026,7,social,0.3611
health,2026,8,food,0.3526
health,2026,9,quality,0.3524
health,2026,10,particularly,0.3464
health,2026,11,change,0.3452
health,2026,12,policy,0.339
resilience,2020,1,city,0.3724
resilience,2020,2,risk,0.35
resilience,2020,3,begin,0.3466
resilience,2020,4,expertise,0.346
resilience,2020,5,scenarios,0.3404
resilience,2020,6,designed,0.3231
resilience,2020,7,climate,0.3224
resilience,2020,8,response,0.3184
resilience,2020,9,identify,0.3171
resilience,2020,10,mitigation,0.3168
resilience,2020,11,coastal,0.3161
resilience,2020,12,organizations,0.3136
resilience,2021,1,communities,0.4016
resilience,2021,2,urban,0.3867
resilience,2021,3,equity,0.3755
resilience,2021,4,island,0.3667
resilience,2021,5,vulnerable,0.347
resilience,2021,6,speculative,0.3427
resilience,2021,7,best,0.338
resilience,2021,8,heat,0.3377
resilience,2021,9,community,0.3346
resilience,2021,10,reality,0.3324
resilience,2021,11,levels,0.3298
resilience,2021,12,zero,0.3238
resilience,2022,1,coastal,0.5269
resilience,2022,2,adaptation,0.4821
resilience,2022,3,short,0.4519
resilience,2022,4,sea,0.3992
resilience,2022,5,ethical,0.3928
resilience,2022,6,miami,0.3903
resilience,2022,7,focused,0.3858
resilience,2022,8,goal,0.3808
resilience,2022,9,play,0.3772
resilience,2022,10,virginia,0.3721
resilience,2022,11,larger,0.3676
resilience,2022,12,frameworks,0.3625
resilience,2023,1,risk,0.4249
resilience,2023,2,experts,0.4244
resilience,2023,3,coastal,0.4243
resilience,2023,4,mitigation,0.4023
resilience,2023,5,washington,0.388
resilience,2023,6,frameworks,0.3642
resilience,2023,7,multi,0.3553
resilience,2023,8,concerns,0.3501
resilience,2023,9,sustainability,0.3422
resilience,2023,10,urban,0.3362
resilience,2023,11,scenarios,0.3345
resilience,2023,12,efforts,0.3326
resilience,2024,1,adaptation,0.4158
resilience,2024,2,species,0.3565
resilience,2024,3,coastal,0.3304
resilience,2024,4,principles,0.3296
resilience,2024,5,face,0.328
resilience,2024,6,island,0.3234
resilience,2024,7,solar,0.322
resilience,2024,8,profession,0.316
resilience,2024,9,equity,0.3072
resilience,2024,10,efforts,0.3028
resilience,2024,11,integrating,0.3017
resilience,2024,12,whose,0.3012
resilience,2025,1,adaptation,0.517
resilience,2025,2,integrating,0.3507
resilience,2025,3,assessment,0.3284
resilience,2025,4,politics,0.3247
resilience,2025,5,interior,0.3232
resilience,2025,6,examine,0.3101
resilience,2025,7,comprehensive,0.3086
resilience,2025,8,sea,0.3061
resilience,2025,9,migration,0.3053
resilience,2025,10,societal,0.2981
resilience,2025,11,designer,0.2974
resilience,2025,12,recent,0.2946
resilience,2026,1,community,0.4924
resilience,2026,2,adaptation,0.4714
resilience,2026,3,equity,0.4712
resilience,2026,4,networks,0.4005
resilience,2026,5,mitigation,0.3939
resilience,2026,6,neighborhood,0.3938
resilience,2026,7,vulnerable,0.3934
resilience,2026,8,climate,0.3798
resilience,2026,9,zero,0.3599
resilience,2026,10,ethical,0.3555
resilience,2026,11,sustainability,0.3553
resilience,2026,12,communities,0.3486
economic,2020,1,social,0.5539
economic,2020,2,political,0.4951
economic,2020,3,socio,0.4646
economic,2020,4,cultural,0.4153
economic,2020,5,economy,0.3899
economic,2020,6,societal,0.3823
economic,2020,7,impacts,0.3579
economic,2020,8,environmental,0.3556
economic,2020,9,industry,0.339
economic,2020,10,prior,0.3251
economic,2020,11,perspectives,0.3248
economic,2020,12,historical,0.3227
economic,2021,1,political,0.5828
economic,2021,2,social,0.535
economic,2021,3,socio,0.4443
economic,2021,4,growth,0.3797
economic,2021,5,economy,0.3236
economic,2021,6,cultural,0.3215
economic,2021,7,politics,0.3128
economic,2021,8,population,0.3104
economic,2021,9,carbon,0.3035
economic,2021,10,ecological,0.3031
economic,2021,11,neighborhoods,0.3002
economic,2021,12,maps,0.2941
economic,2022,1,political,0.5149
economic,2022,2,social,0.4987
economic,2022,3,socio,0.4971
economic,2022,4,vernacular,0.4121
economic,2022,5,organizations,0.3828
economic,2022,6,lens,0.3729
economic,2022,7,ethics,0.371
economic,2022,8,environmental,0.3674
economic,2022,9,teams,0.3641
economic,2022,10,patterns,0.3558
economic,2022,11,required,0.3551
economic,2022,12,larger,0.3518
economic,2023,1,political,0.4138
economic,2023,2,creating,0.3581
economic,2023,3,socio,0.3573
economic,2023,4,west,0.3487
economic,2023,5,decisions,0.3322
economic,2023,6,consumption,0.3312
economic,2023,7,power,0.3289
economic,2023,8,structures,0.3253
economic,2023,9,scales,0.3253
economic,2023,10,driven,0.3241
economic,2023,11,technical,0.3234
economic,2023,12,groups,0.3177
economic,2024,1,social,0.3979
economic,2024,2,growth,0.3962
economic,2024,3,published,0.3693
economic,2024,4,economy,0.35
economic,2024,5,population,0.3429
economic,2024,6,cultural,0.3426
economic,2024,7,section,0.3417
economic,2024,8,air,0.3374
economic,2024,9,institutional,0.335
economic,2024,10,impact,0.3335
economic,2024,11,impacts,0.3285
economic,2024,12,environmental,0.3158
economic,2025,1,social,0.5624
economic,2025,2,growth,0.3881
economic,2025,3,socio,0.3863
economic,2025,4,consumption,0.3683
economic,2025,5,waste,0.3243
economic,2025,6,political,0.3192
economic,2025,7,earth,0.3188
economic,2025,8,technological,0.318
economic,2025,9,sciences,0.3155
economic,2025,10,whose,0.3141
economic,2025,11,cultural,0.3098
economic,2025,12,mitigation,0.3051
economic,2026,1,social,0.5021
economic,2026,2,environmental,0.4884
economic,2026,3,socio,0.4865
economic,2026,4,political,0.4455
economic,2026,5,contexts,0.423
economic,2026,6,policy,0.413
economic,2026,7,explore,0.3855
economic,2026,8,houston,0.3851
economic,2026,9,performance,0.3741
economic,2026,10,shape,0.3625
economic,2026,11,ecologies,0.3602
economic,2026,12,decisions,0.3599
texas,2020,1,tech,0.5031
texas,2020,2,west,0.4279
texas,2020,3,harvard,0.3597
texas,2020,4,contemporary,0.3572
texas,2020,5,florida,0.3539
texas,2020,6,landscapes,0.3505
texas,2020,7,organized,0.3463
texas,2020,8,association,0.3413
texas,2020,9,schools,0.34
texas,2020,10,territory,0.3385
texas,2020,11,hoyne,0.3346
texas,2020,12,temple,0.3342
texas,2021,1,illinois,0.3996
texas,2021,2,served,0.3472
texas,2021,3,educator,0.3319
texas,2021,4,tech,0.3308
texas,2021,5,humanities,0.3301
texas,2021,6,explores,0.3182
texas,2021,7,houston,0.3128
texas,2021,8,library,0.3124
texas,2021,9,produce,0.3114
texas,2021,10,growth,0.3093
texas,2021,11,futures,0.2979
texas,2021,12,conference,0.2937
texas,2022,1,tech,0.4613
texas,2022,2,extraction,0.4507
texas,2022,3,scholarship,0.3958
texas,2022,4,island,0.3882
texas,2022,5,architecture,0.3845
texas,2022,6,october,0.362
texas,2022,7,harvard,0.359
texas,2022,8,schools,0.3531
texas,2022,9,anthropocene,0.3446
texas,2022,10,material,0.3434
texas,2022,11,california,0.3416
texas,2022,12,construction,0.3366
texas,2023,1,tech,0.6442
texas,2023,2,west,0.4115
texas,2023,3,allow,0.3571
texas,2023,4,indigenous,0.3496
texas,2023,5,miami,0.3396
texas,2023,6,awarded,0.3385
texas,2023,7,levels,0.335
texas,2023,8,post,0.3246
texas,2023,9,museum,0.3184
texas,2023,10,data,0.3136
texas,2023,11,land,0.3098
texas,2023,12,fossil,0.3048
texas,2024,1,west,0.7392
texas,2024,2,oil,0.5207
texas,2024,3,tech,0.4577
texas,2024,4,component,0.4512
texas,2024,5,visual,0.3972
texas,2024,6,broader,0.3958
texas,2024,7,societal,0.3924
texas,2024,8,strong,0.3492
texas,2024,9,engagement,0.3456
texas,2024,10,integration,0.3455
texas,2024,11,profession,0.3426
texas,2024,12,objectives,0.3313
texas,2025,1,west,0.7932
texas,2025,2,oil,0.5698
texas,2025,3,post,0.4247
texas,2025,4,gulf,0.4116
texas,2025,5,component,0.4106
texas,2025,6,tech,0.3919
texas,2025,7,temple,0.3755
texas,2025,8,hoyne,0.3709
texas,2025,9,deep,0.366
texas,2025,10,houston,0.3623
texas,2025,11,organizations,0.3612
texas,2025,12,socio,0.3589
texas,2026,1,west,0.4765
texas,2026,2,houston,0.4502
texas,2026,3,architecture,0.4071
texas,2026,4,san,0.3962
texas,2026,5,region,0.3655
texas,2026,6,served,0.3578
texas,2026,7,oil,0.3576
texas,2026,8,tech,0.3422
texas,2026,9,teaches,0.3368
texas,2026,10,mexico,0.3358
texas,2026,11,illinois,0.3354
texas,2026,12,california,0.3339
nature,2020,1,human,0.3203
nature,2020,2,frameworks,0.3093
nature,2020,3,territory,0.3029
nature,2020,4,making,0.3005
nature,2020,5,applied,0.2893
nature,2020,6,exploration,0.2892
nature,2020,7,maps,0.2838
nature,2020,8,critically,0.281
nature,2020,9,simulation,0.2791
nature,2020,10,narrative,0.2782
nature,2020,11,adaptive,0.278
nature,2020,12,look,0.2775
nature,2021,1,territory,0.3202
nature,2021,2,human,0.319
nature,2021,3,inform,0.3127
nature,2021,4,island,0.3097
nature,2021,5,think,0.3039
nature,2021,6,adaptation,0.3035
nature,2021,7,representation,0.3019
nature,2021,8,ethical,0.2997
nature,2021,9,broader,0.2927
nature,2021,10,radical,0.292
nature,2021,11,harvard,0.2911
nature,2021,12,ability,0.2889
nature,2022,1,contribute,0.3608
nature,2022,2,species,0.346
nature,2022,3,opportunities,0.3453
nature,2022,4,structural,0.3242
nature,2022,5,forms,0.3216
nature,2022,6,decisions,0.3173
nature,2022,7,inquiry,0.3167
nature,2022,8,passive,0.3156
nature,2022,9,major,0.3087
nature,2022,10,face,0.3085
nature,2022,11,multi,0.3073
nature,2022,12,narratives,0.3021
nature,2023,1,advance,0.3588
nature,2023,2,planet,0.3501
nature,2023,3,ethical,0.3121
nature,2023,4,question,0.3111
nature,2023,5,food,0.3097
nature,2023,6,perspective,0.3084
nature,2023,7,produce,0.3066
nature,2023,8,technologies,0.3045
nature,2023,9,modeling,0.2961
nature,2023,10,intersection,0.2955
nature,2023,11,technological,0.2943
nature,2023,12,media,0.2886
nature,2024,1,activities,0.356
nature,2024,2,scenarios,0.3329
nature,2024,3,innovative,0.3147
nature,2024,4,larger,0.3145
nature,2024,5,river,0.3029
nature,2024,6,intersection,0.296
nature,2024,7,natural,0.2955
nature,2024,8,place,0.2948
nature,2024,9,content,0.2941
nature,2024,10,thermal,0.2929
nature,2024,11,ethics,0.2915
nature,2024,12,interior,0.2912
nature,2025,1,play,0.3558
nature,2025,2,begin,0.3547
nature,2025,3,species,0.339
nature,2025,4,creating,0.3187
nature,2025,5,socio,0.3186
nature,2025,6,neighborhood,0.3127
nature,2025,7,adaptation,0.3099
nature,2025,8,coastal,0.3015
nature,2025,9,experts,0.3012
nature,2025,10,provides,0.2953
nature,2025,11,disciplines,0.2946
nature,2025,12,florida,0.2916
nature,2026,1,major,0.3449
nature,2026,2,explore,0.3235
nature,2026,3,mitigation,0.3152
nature,2026,4,emphasis,0.305
nature,2026,5,economic,0.3044
nature,2026,6,regions,0.3019
nature,2026,7,natural,0.3011
nature,2026,8,analyze,0.2971
nature,2026,9,culture,0.2945
nature,2026,10,innovative,0.2943
nature,2026,11,technology,0.2929
nature,2026,12,perspective,0.2855
current,2020,1,solutions,0.3711
current,2020,2,effects,0.3665
current,2020,3,comfort,0.3517
current,2020,4,goals,0.3488
current,2020,5,historical,0.3217
current,2020,6,city,0.3204
current,2020,7,tool,0.3197
current,2020,8,allow,0.307
current,2020,9,quality,0.3057
current,2020,10,policy,0.3051
current,2020,11,design,0.3023
current,2020,12,sustainable,0.2946
current,2021,1,explores,0.3674
current,2021,2,better,0.3497
current,2021,3,profession,0.3417
current,2021,4,modern,0.3413
current,2021,5,changing,0.3392
current,2021,6,infrastructural,0.338
current,2021,7,efforts,0.3331
current,2021,8,scientific,0.3285
current,2021,9,design,0.3191
current,2021,10,lead,0.315
current,2021,11,house,0.3126
current,2021,12,social,0.3125
current,2022,1,living,0.3771
current,2022,2,reuse,0.3731
current,2022,3,without,0.366
current,2022,4,passive,0.3643
current,2022,5,anthropocene,0.3559
current,2022,6,analyze,0.3497
current,2022,7,library,0.3475
current,2022,8,relevant,0.3301
current,2022,9,planet,0.3239
current,2022,10,larger,0.3069
current,2022,11,miami,0.306
current,2022,12,chair,0.3043
current,2023,1,policies,0.3423
current,2023,2,investigate,0.3283
current,2023,3,disciplinary,0.3091
current,2023,4,industry,0.3056
current,2023,5,mapping,0.3029
current,2023,6,opportunities,0.2992
current,2023,7,discipline,0.2987
current,2023,8,contemporary,0.2953
current,2023,9,extreme,0.2934
current,2023,10,radical,0.2903
current,2023,11,power,0.2849
current,2023,12,mitigation,0.2843
current,2024,1,teaches,0.3522
current,2024,2,online,0.3329
current,2024,3,lead,0.3258
current,2024,4,fellow,0.3136
current,2024,5,intersection,0.3119
current,2024,6,boston,0.3109
current,2024,7,book,0.3089
current,2024,8,particularly,0.2987
current,2024,9,response,0.295
current,2024,10,addition,0.2922
current,2024,11,alternative,0.2912
current,2024,12,agency,0.2907
current,2025,1,larger,0.3923
current,2025,2,map,0.3882
current,2025,3,aims,0.3671
current,2025,4,adaptation,0.3513
current,2025,5,experts,0.3426
current,2025,6,primary,0.3162
current,2025,7,worked,0.3133
current,2025,8,policies,0.3098
current,2025,9,concerns,0.3029
current,2025,10,past,0.2979
current,2025,11,short,0.297
current,2025,12,neighborhood,0.2959
current,2026,1,necessary,0.3393
current,2026,2,examine,0.3384
current,2026,3,sustainable,0.3179
current,2026,4,several,0.3066
current,2026,5,natural,0.3052
current,2026,6,past,0.3038
current,2026,7,excellence,0.3034
current,2026,8,growth,0.3023
current,2026,9,culture,0.2981
current,2026,10,modern,0.2965
current,2026,11,book,0.2963
current,2026,12,los,0.296
